tic,offset_arcsec,offset_east,offset_north,offset_err_arcsec,target_sigma,chi2_red,amplitude,amplitude_err,expected_amplitude,n_sectors,n_transits,label,kind,period,depth_ppm,best_star,best_star_sep,best_star_is_target,target_dchi2,amplitude_ratio,sys_arcsec,offset_err_total_arcsec,target_sigma_total,reliable,neighbours_not_excluded_3sigma,miss_arcsec,calibration,split_halves,injected_on,injected_source,injected_sep_arcsec,injected_tmag,needed_eclipse_depth,recovered_best_star,recovered_correct,injected_source_sigma,injected_dchi2,injected_source_sigma_total,expected_source_sigma,expected_source_is_best
229689348,3.605551275463989,-2.0,-3.0,2.393653682408596,1.204733794185997,1.1248832531764663,0.6563409380922954,0.05725622669004017,0.6443253099436692,25.0,1138.0,TIC229689348,candidate,0.4653768852437353,689.377969863665,1.4221418100469796e+18,0.45519691363753584,True,2.954136139782283,1.018648387643932,1.5,3.300782038105011,0.739025486804585,True,[],3.605551275463989,"[{'dx': -0.04766275744998105, 'dy': -0.024005704976289444, 'scale': 1.0939325090951875, 'bkg': -3.4006614230909697, 'target_flux_total': 946.5936756795796, 'target_frac_in_aperture': 0.7128978465819447, 'resid_frac': 0.04108514895024846, 'sector': 15}, {'dx': -0.03244955211201173, 'dy': -0.024610670988564808, 'scale': 1.1102610400912925, 'bkg': -1.9931219836190295, 'target_flux_total': 960.7229606633812, 'target_frac_in_aperture': 0.727535035724368, 'resid_frac': 0.02184257198629142, 'sector': 16}, {'dx': 0.007719749401683054, 'dy': -0.004381523271313108, 'scale': 1.0909296862987075, 'bkg': -2.0392436598184274, 'target_flux_total': 943.9952950256529, 'target_frac_in_aperture': 0.7411091438314348, 'resid_frac': 0.03384244489562591, 'sector': 17}, {'dx': -0.004998947751231525, 'dy': -0.0598492106733422, 'scale': 1.095472950102187, 'bkg': -4.083867589956471, 'target_flux_total': 947.9266388220584, 'target_frac_in_aperture': 0.5909852898342585, 'resid_frac': 0.02514275633824365, 'sector': 18}, {'dx': -0.03966229916637184, 'dy': -0.028025341068786777, 'scale': 1.0785914123767688, 'bkg': -3.3713986081888714, 'target_flux_total': 933.3188301009844, 'target_frac_in_aperture': 0.7364538070690697, 'resid_frac': 0.027304767459474095, 'sector': 19}, {'dx': -0.03564137786174344, 'dy': -0.035896704678656945, 'scale': 1.0822678481291916, 'bkg': -1.842521609579139, 'target_flux_total': 936.5000965898688, 'target_frac_in_aperture': 0.7324182658257226, 'resid_frac': 0.034228254553369974, 'sector': 20}, {'dx': -0.056946211316507026, 'dy': 0.008398638050939551, 'scale': 1.08913826658091, 'bkg': -3.305707536395121, 'target_flux_total': 942.4451568212793, 'target_frac_in_aperture': 0.744177639381111, 'resid_frac': 0.02489478803868134, 'sector': 21}, {'dx': 0.0413124971151542, 'dy': -0.020059538119371334, 'scale': 1.078334451375143, 'bkg': -2.6055279914691036, 'target_flux_total': 933.0964784869561, 'target_frac_in_aperture': 0.6457489804457653, 'resid_frac': 0.024853122615843798, 'sector': 22}, {'dx': 0.03273108137614483, 'dy': -0.0005048957008494489, 'scale': 1.0782712962702092, 'bkg': -2.308233542579187, 'target_flux_total': 933.0418295735907, 'target_frac_in_aperture': 0.7865622138316863, 'resid_frac': 0.025129647290008113, 'sector': 23}, {'dx': -0.040699299923666894, 'dy': -0.08821852689669564, 'scale': 1.0725726566154228, 'bkg': -11.537304798977232, 'target_flux_total': 928.1107243981357, 'target_frac_in_aperture': 0.7277149596971015, 'resid_frac': 0.02356904102089319, 'sector': 24}, {'dx': -0.0004259846683279374, 'dy': -0.04496825229081174, 'scale': 1.0671185865535142, 'bkg': -17.181187737132486, 'target_flux_total': 923.3912483935454, 'target_frac_in_aperture': 0.5886315850484046, 'resid_frac': 0.02212896183355162, 'sector': 25}, {'dx': 0.028453817795754295, 'dy': 0.017751047005451492, 'scale': 1.108466067387045, 'bkg': -8.94587758369868, 'target_flux_total': 959.1697480147659, 'target_frac_in_aperture': 0.690165106576206, 'resid_frac': 0.054581902296295184, 'sector': 26}, {'dx': 0.004457202085407858, 'dy': -0.009859617063584498, 'scale': 1.01593086367363, 'bkg': -6.460222316919859, 'target_flux_total': 879.0978625149097, 'target_frac_in_aperture': 0.5195453476787892, 'resid_frac': 0.20583182752426313, 'sector': 40}, {'dx': -0.02869359676035756, 'dy': -0.0009020172748461088, 'scale': 1.0806829472562747, 'bkg': -2.7569987455867655, 'target_flux_total': 935.1286617614778, 'target_frac_in_aperture': 0.7280362618188522, 'resid_frac': 0.03372905673679569, 'sector': 41}, {'dx': -0.027479350481602244, 'dy': 0.0048740633920917814, 'scale': 1.0743583172274582, 'bkg': -2.699364703857964, 'target_flux_total': 929.6558791752444, 'target_frac_in_aperture': 0.744635226644935, 'resid_frac': 0.03701190098287213, 'sector': 47}, {'dx': -0.009205279161217331, 'dy': 0.0015430561596137073, 'scale': 1.0765497825163182, 'bkg': -2.3519838880954547, 'target_flux_total': 931.5521818864802, 'target_frac_in_aperture': 0.7786165563219846, 'resid_frac': 0.02668731565849992, 'sector': 48}, {'dx': 0.021369366775110532, 'dy': -0.0008814849310517317, 'scale': 1.0770100449764013, 'bkg': -2.965656905876054, 'target_flux_total': 931.9504528312094, 'target_frac_in_aperture': 0.7126572499936805, 'resid_frac': 0.022918493878775568, 'sector': 49}, {'dx': -0.008757504443356337, 'dy': -0.019854355711888483, 'scale': 1.0703024087838946, 'bkg': -2.2600947709753196, 'target_flux_total': 926.1462501534428, 'target_frac_in_aperture': 0.7584850252529097, 'resid_frac': 0.028228964999400027, 'sector': 50}, {'dx': 0.002137698778064905, 'dy': -0.009403881407543356, 'scale': 1.0801267474801246, 'bkg': -2.594528362292408, 'target_flux_total': 934.6473750402764, 'target_frac_in_aperture': 0.7351778936361175, 'resid_frac': 0.023221357379275102, 'sector': 51}, {'dx': 0.027483603028203508, 'dy': -0.010724229592636475, 'scale': 1.0857002076355027, 'bkg': -0.596591696287561, 'target_flux_total': 939.4701608071028, 'target_frac_in_aperture': 0.6800956387978926, 'resid_frac': 0.02610373444259099, 'sector': 53}, {'dx': -0.02716414139759573, 'dy': 0.03606608216374178, 'scale': 1.0824970728681194, 'bkg': -3.697100224186157, 'target_flux_total': 936.6984476639745, 'target_frac_in_aperture': 0.7705820750116232, 'resid_frac': 0.03469350522505538, 'sector': 54}, {'dx': -0.04159037649467101, 'dy': -0.018514307595938563, 'scale': 1.0773470243638885, 'bkg': -3.067537212623974, 'target_flux_total': 932.2420453694855, 'target_frac_in_aperture': 0.7124793949144513, 'resid_frac': 0.03592020782939486, 'sector': 55}, {'dx': -0.01463340711644434, 'dy': -0.03789088992689893, 'scale': 1.0872733154026237, 'bkg': -2.5430848399697443, 'target_flux_total': 940.8313909114636, 'target_frac_in_aperture': 0.7193930893832179, 'resid_frac': 0.035033138291332554, 'sector': 84}, {'dx': -0.006741627212098432, 'dy': -0.008657463948654565, 'scale': 1.100785631114164, 'bkg': -3.458103739575451, 'target_flux_total': 952.5237690883487, 'target_frac_in_aperture': 0.7000716203846906, 'resid_frac': 0.03217896269044332, 'sector': 85}, {'dx': -0.013282762429004448, 'dy': -0.040197600636248845, 'scale': 1.0733271785176335, 'bkg': -3.196427016039418, 'target_flux_total': 928.7636217705569, 'target_frac_in_aperture': 0.6928130942530861, 'resid_frac': 0.030719986904007367, 'sector': 86}]","[{'half': 'odd sectors', 'offset_east': -1.0, 'offset_north': 0.0, 'offset_err_total_arcsec': 3.8359980053803677, 'target_sigma_total': 0.08488528991451898, 'chi2_red': 1.1085442982009452, 'n_sectors': 13}, {'half': 'even sectors', 'offset_east': -3.0, 'offset_north': -5.0, 'offset_err_total_arcsec': 4.341993691574349, 'target_sigma_total': 1.296544273039999, 'chi2_red': 1.1432838818536495, 'n_sectors': 12}]",,,,,,,,,,,,
229689348,2.23606797749979,,,2.6462837142006137,0.47454389224980303,1.2010068786379382,,,,,,TIC229689348_inject_target,injection,,,,,,0.9079075015225455,,,,0.2922560195128843,True,,2.23606797749979,,,target,1.4221418100469796e+18,0.45519691363753584,13.097295473067028,,1.4221418100469796e+18,True,0.47454389224980303,0.9079075015225455,0.2922560195128843,,
229689348,83.93449827097318,,,0.5641895835477563,37.0,1.2592906743220145,,,,,,TIC229689348_inject_1422142630385191552,injection,,,,,,177730.70364554663,,,,37.0,True,,0.5477421852552348,,,neighbour,1.4221426303851914e+18,82.90024882060806,9.65728570002905,0.007209010323944107,1.4221426303851914e+18,True,0.0,0.0,0.0,,
229689348,8.48528137423857,,,2.5854414729132054,4.566350292746482,1.2012785274132871,,,,,,TIC229689348_inject_1422141810046979968,injection,,,,,,24.427043927872855,,,,3.2853913796673324,True,,1.3892135674928412,,,neighbour,1.42214181004698e+18,9.21517286745045,15.92380255166022,0.009819762353164643,1.42214181004698e+18,True,0.2579847776388864,0.4552605649248314,0.15160536759085952,,
229689348,47.853944456021594,,,0.5641895835477563,37.0,1.2039620028725897,,,,,,TIC229689348_inject_1422141741327502336,injection,,,,,,10571.730460076062,,,,24.632657166631134,True,,0.41417599454518955,,,neighbour,1.4221417413275023e+18,48.70680361152428,13.766918653045568,0.011939347162494368,1.4221417413275023e+18,True,0.0,0.0,0.0,,
198412174,2.23606797749979,1.0,-2.0,2.7057581899030048,0.5633643648942847,1.1555187183187345,1.0224524640028116,0.1173391662542104,1.282286147367582,37.0,546.0,TIC198412174,candidate,1.3901601925745495,448.3534979804903,1.4373538282953477e+18,2.3117162181758983,True,1.1130872326579062,0.7973668483448991,1.5,3.53365412766949,0.35634506703795893,True,"[(1437353828295869824, 4.7, 18.15)]",2.23606797749979,"[{'dx': -0.10228660457184931, 'dy': -0.12391779929522863, 'scale': 1.084905714160645, 'bkg': 0.17570237977677347, 'target_flux_total': 2846.16896577709, 'target_frac_in_aperture': 0.7952564566846558, 'resid_frac': 0.042970929482877, 'sector': 14}, {'dx': -0.09424288950471112, 'dy': -0.07925192057338419, 'scale': 1.1029804290274234, 'bkg': 0.5286576369520298, 'target_flux_total': 2893.5866278353033, 'target_frac_in_aperture': 0.7842946709170939, 'resid_frac': 0.04861725099544633, 'sector': 15}, {'dx': -0.07783012139795538, 'dy': -0.03543904831043538, 'scale': 1.1016551781406558, 'bkg': -0.39198842503657194, 'target_flux_total': 2890.109931292411, 'target_frac_in_aperture': 0.7863484069051601, 'resid_frac': 0.05719601749963471, 'sector': 16}, {'dx': 0.02497816337321771, 'dy': -0.04589554347420453, 'scale': 1.0927165401355945, 'bkg': 0.8901662109448304, 'target_flux_total': 2866.6600832970908, 'target_frac_in_aperture': 0.7998390863903434, 'resid_frac': 0.10281528066758619, 'sector': 17}, {'dx': -0.002016215525039755, 'dy': -0.11457237245400251, 'scale': 1.0886899571376512, 'bkg': -0.06441634964317394, 'target_flux_total': 2856.096644080865, 'target_frac_in_aperture': 0.8008172679312222, 'resid_frac': 0.04889879358700053, 'sector': 18}, {'dx': -0.05319365601630693, 'dy': -0.06295411700261971, 'scale': 1.0901737132982035, 'bkg': -0.9564407776784494, 'target_flux_total': 2859.989167349776, 'target_frac_in_aperture': 0.7919191861923225, 'resid_frac': 0.0449844617841027, 'sector': 19}, {'dx': -0.0722051319459968, 'dy': -0.05103797616347979, 'scale': 1.0917685597721896, 'bkg': -0.938522421714208, 'target_flux_total': 2864.173127743929, 'target_frac_in_aperture': 0.7989072286432752, 'resid_frac': 0.06823859779410146, 'sector': 20}, {'dx': -0.0997334305213708, 'dy': 0.007890221865129738, 'scale': 1.0908796404268808, 'bkg': -0.6962148818571169, 'target_flux_total': 2861.8411143526505, 'target_frac_in_aperture': 0.8044772399825401, 'resid_frac': 0.054717475064873226, 'sector': 21}, {'dx': 0.07252467610689649, 'dy': -0.0453040345301992, 'scale': 1.0959382543455218, 'bkg': -0.8397515659884586, 'target_flux_total': 2875.112009470226, 'target_frac_in_aperture': 0.8232198633386432, 'resid_frac': 0.04548215207934369, 'sector': 22}, {'dx': 0.04441803054644503, 'dy': -0.04723717217915946, 'scale': 1.0911964596382666, 'bkg': -1.3371554525189233, 'target_flux_total': 2862.672265848526, 'target_frac_in_aperture': 0.8329707463077646, 'resid_frac': 0.074656441986503, 'sector': 23}, {'dx': -0.028317379217273984, 'dy': -0.19041156214403301, 'scale': 1.0561621475122451, 'bkg': -2.039898288271445, 'target_flux_total': 2770.762369339616, 'target_frac_in_aperture': 0.8018602840149271, 'resid_frac': 0.04855434150271478, 'sector': 24}, {'dx': 0.003455004683160198, 'dy': -0.14247652517523032, 'scale': 1.0926202193742507, 'bkg': -6.902817383429121, 'target_flux_total': 2866.4073929866627, 'target_frac_in_aperture': 0.754052665568231, 'resid_frac': 0.07266708031762334, 'sector': 25}, {'dx': 0.0858306759249342, 'dy': -0.08642930529984225, 'scale': 1.0612293855818353, 'bkg': -5.890549173463763, 'target_flux_total': 2784.055889271926, 'target_frac_in_aperture': 0.785581548649387, 'resid_frac': 0.0750678606649688, 'sector': 26}, {'dx': -0.07085410202714881, 'dy': -0.059068786025770356, 'scale': 1.0773360019706328, 'bkg': 0.4834712420317626, 'target_flux_total': 2826.310392231143, 'target_frac_in_aperture': 0.8232780391121, 'resid_frac': 0.07923629201364502, 'sector': 40}, {'dx': -0.09112296582099472, 'dy': -0.07561649348368762, 'scale': 1.0823562624093854, 'bkg': 0.35459307471686574, 'target_flux_total': 2839.4806698639327, 'target_frac_in_aperture': 0.8136982886836014, 'resid_frac': 0.043795606376846444, 'sector': 41}, {'dx': -0.0774746441623105, 'dy': -0.023126024591739354, 'scale': 1.0880871029887775, 'bkg': -0.2552751715464381, 'target_flux_total': 2854.5151013283307, 'target_frac_in_aperture': 0.8164008006429752, 'resid_frac': 0.06869817327143392, 'sector': 47}, {'dx': 0.04544608964420905, 'dy': 0.017440593554353345, 'scale': 1.0882266444828255, 'bkg': -0.5430184449886634, 'target_flux_total': 2854.8811779971265, 'target_frac_in_aperture': 0.8184795954166083, 'resid_frac': 0.05212787249275128, 'sector': 48}, {'dx': 0.04897950412939841, 'dy': -0.02354127270102935, 'scale': 1.0911852745171327, 'bkg': -0.6027069310425712, 'target_flux_total': 2862.6429225201296, 'target_frac_in_aperture': 0.8396864446867589, 'resid_frac': 0.05299703196852121, 'sector': 49}, {'dx': 0.007432077096055746, 'dy': -0.04088388130786357, 'scale': 1.087475305383223, 'bkg': -0.20358758944404887, 'target_flux_total': 2852.910096086365, 'target_frac_in_aperture': 0.7585600358869429, 'resid_frac': 0.10358881510346206, 'sector': 50}, {'dx': -0.006245659136755177, 'dy': -0.04017649246244874, 'scale': 1.0983659931179157, 'bkg': -1.9645730910099628, 'target_flux_total': 2881.481000490194, 'target_frac_in_aperture': 0.8043837636252766, 'resid_frac': 0.05851742249428147, 'sector': 51}, {'dx': 0.04406103821417014, 'dy': -0.08761300202647858, 'scale': 1.0818769378767916, 'bkg': 3.1553812138023964, 'target_flux_total': 2838.2231978169175, 'target_frac_in_aperture': 0.8080709756837104, 'resid_frac': 0.03766576173231718, 'sector': 52}, {'dx': 0.0822517624402042, 'dy': -0.09320108709614494, 'scale': 1.0816681571502775, 'bkg': 3.1248538690666936, 'target_flux_total': 2837.6754772023974, 'target_frac_in_aperture': 0.8004845752693927, 'resid_frac': 0.0883177281520434, 'sector': 53}, {'dx': -0.05302506145788511, 'dy': -0.0003571870464746149, 'scale': 1.07981539706861, 'bkg': 0.41216371777742544, 'target_flux_total': 2832.814899756225, 'target_frac_in_aperture': 0.8280432802124728, 'resid_frac': 0.06735675340101437, 'sector': 54}, {'dx': 0.063560346865261, 'dy': 0.004127283712310728, 'scale': 1.0987039027608259, 'bkg': -0.5391568727695103, 'target_flux_total': 2882.3674811551355, 'target_frac_in_aperture': 0.822781423108749, 'resid_frac': 0.04115086282979656, 'sector': 55}, {'dx': -0.05611205987589708, 'dy': 0.011285271590256038, 'scale': 1.1060887300860833, 'bkg': -0.9349783244832054, 'target_flux_total': 2901.7410230919404, 'target_frac_in_aperture': 0.8605707442896244, 'resid_frac': 0.04773770965479157, 'sector': 73}, {'dx': 0.07892844355131973, 'dy': -0.026655663195477103, 'scale': 1.1001063515995542, 'bkg': 0.1058726396344031, 'target_flux_total': 2886.0467007488555, 'target_frac_in_aperture': 0.7820489971847643, 'resid_frac': 0.0670594136559114, 'sector': 74}, {'dx': 0.06500227643753217, 'dy': -0.10080476009820916, 'scale': 1.0936889571637316, 'bkg': 0.643569331262234, 'target_flux_total': 2869.2111466117663, 'target_frac_in_aperture': 0.8379383689418352, 'resid_frac': 0.05286922068536449, 'sector': 75}, {'dx': 0.05115231114339897, 'dy': -0.13797669173323665, 'scale': 1.098660032657907, 'bkg': 0.5391860851817143, 'target_flux_total': 2882.2523912225975, 'target_frac_in_aperture': 0.854498596809939, 'resid_frac': 0.06355733931437174, 'sector': 76}, {'dx': 0.022212350939702124, 'dy': -0.11377704959303019, 'scale': 1.0509850381079384, 'bkg': 1.0106222700914407, 'target_flux_total': 2757.180610181521, 'target_frac_in_aperture': 0.8227155907178321, 'resid_frac': 0.07055213807192803, 'sector': 77}, {'dx': -0.01618592969115639, 'dy': -0.1153702626185922, 'scale': 1.053869344940107, 'bkg': 0.5013314613396079, 'target_flux_total': 2764.747373344759, 'target_frac_in_aperture': 0.7956106113626858, 'resid_frac': 0.05110614999642929, 'sector': 78}, {'dx': 0.06109497558029784, 'dy': -0.14930878929963382, 'scale': 1.0910909327987293, 'bkg': -0.5581862209231389, 'target_flux_total': 2862.3954240807784, 'target_frac_in_aperture': 0.7745643662767033, 'resid_frac': 0.05401345863661732, 'sector': 79}, {'dx': -0.04134140531343652, 'dy': -0.04341890538079825, 'scale': 1.086473447323052, 'bkg': -0.21252753781455036, 'target_flux_total': 2850.2817964269993, 'target_frac_in_aperture': 0.8285261723432279, 'resid_frac': 0.06419519290630354, 'sector': 80}, {'dx': -0.033640460065784174, 'dy': -0.0055428706813234925, 'scale': 1.0893495017145587, 'bkg': 0.8105584745568493, 'target_flux_total': 2857.826909929629, 'target_frac_in_aperture': 0.8279189886406708, 'resid_frac': 0.07171998451453643, 'sector': 81}, {'dx': 0.029217179619743135, 'dy': -0.03683067718395389, 'scale': 1.0946742371597253, 'bkg': 0.36117254088446316, 'target_flux_total': 2871.7959549601746, 'target_frac_in_aperture': 0.8231136964514141, 'resid_frac': 0.03591004890560991, 'sector': 83}, {'dx': -0.0058882711810521625, 'dy': -0.07316300631356489, 'scale': 1.0900248551512817, 'bkg': 0.3951391912576014, 'target_flux_total': 2859.5986491392605, 'target_frac_in_aperture': 0.7627813920867381, 'resid_frac': 0.10110343381645258, 'sector': 84}, {'dx': -0.018825258979128692, 'dy': -0.046894103530457684, 'scale': 1.0893179651942912, 'bkg': -0.12017982538543796, 'target_flux_total': 2857.7441762283474, 'target_frac_in_aperture': 0.763754142529917, 'resid_frac': 0.04473373692243382, 'sector': 85}, {'dx': -0.061581147130826186, 'dy': -0.058584774138651485, 'scale': 1.0964706161177782, 'bkg': -0.6697166873794356, 'target_flux_total': 2876.508620747119, 'target_frac_in_aperture': 0.8252495314661914, 'resid_frac': 0.047616805542241784, 'sector': 86}]","[{'half': 'odd sectors', 'offset_east': 1.0, 'offset_north': -2.0, 'offset_err_total_arcsec': 4.521554892798537, 'target_sigma_total': 0.3007992950076865, 'chi2_red': 1.1721697650125973, 'n_sectors': 19}, {'half': 'even sectors', 'offset_east': 1.0, 'offset_north': -1.0, 'offset_err_total_arcsec': 4.450599833305935, 'target_sigma_total': 0.1954718894982806, 'chi2_red': 1.1393099116471217, 'n_sectors': 18}]",,,,,,,,,,,,
198412174,5.830951894845301,,,3.2410224072142872,2.3919421931336755,1.138877617733627,,,,,,TIC198412174_inject_target,injection,,,,,,8.177582208705122,,,,1.8486288670690336,True,,5.830951894845301,,,target,1.4373538282953477e+18,2.3117162181758983,11.893056442044186,,1.43735382829587e+18,False,2.3919421931336755,8.177582208705122,1.8486288670690336,,
198412174,71.84705978674423,,,0.5641895835477563,37.0,1.1420963105177404,,,,,,TIC198412174_inject_1437353003661625600,injection,,,,,,92187.30374109258,,,,37.0,True,,0.27327210703016197,,,neighbour,1.4373530036616256e+18,69.81991407253693,11.432124974545388,0.01156956024846898,1.4373530036616256e+18,True,0.0,0.0,0.0,,
198412174,53.150729063673246,,,0.5641895835477563,37.0,1.1425425987679707,,,,,,TIC198412174_inject_1437353759575870080,injection,,,,,,13146.272868738139,,,,27.49521039684666,True,,0.22149519790285369,,,neighbour,1.43735375957587e+18,50.157444532987356,14.709849541761512,0.05664388109585216,1.43735375957587e+18,True,0.0,0.0,0.0,,
198412174,10.63014581273465,,,2.985410660720923,5.384972522224987,1.1388590665525853,,,,,,TIC198412174_inject_1437353828295869824,injection,,,,,,32.88058054006718,,,,4.17203578860592,True,,6.188165216608288,,,neighbour,1.43735382829587e+18,4.7437681407518015,18.15174208916932,0.14386599915698997,1.43735382829587e+18,True,2.5407980030313544,9.008844241601567,1.8976045531357444,,
32090583,2.23606797749979,-1.0,-2.0,1.9544100476116797,1.1035287198576618,1.0753607599023103,0.9372590900723992,0.06975591899780556,0.7341766052127725,41.0,428.0,TIC32090583,candidate,2.1467982123991036,1087.8338152452627,4.667466549703138e+18,3.779677430771922,True,2.620166264689153,1.2766125798856953,1.5,2.9975494568019942,0.5636862935856414,True,[],2.23606797749979,"[{'dx': -0.055981274511212625, 'dy': -0.20806284842580783, 'scale': 1.093113394901745, 'bkg': -0.8868808883477001, 'target_flux_total': 677.4639486613504, 'target_frac_in_aperture': 0.7512171112828031, 'resid_frac': 0.1265847416871163, 'sector': 1}, {'dx': 0.03624789539000175, 'dy': -0.12163765000673273, 'scale': 1.1017936775820187, 'bkg': -1.0802373174124973, 'target_flux_total': 682.8436088205816, 'target_frac_in_aperture': 0.7618275756651847, 'resid_frac': 0.11533016114309942, 'sector': 2}, {'dx': 0.07646363745696384, 'dy': -0.10085489845303305, 'scale': 1.119262880708857, 'bkg': -1.2672799849077965, 'target_flux_total': 693.6702580826545, 'target_frac_in_aperture': 0.6712919721631433, 'resid_frac': 0.11714940588525674, 'sector': 3}, {'dx': 0.10158133202551124, 'dy': -0.05568952974952864, 'scale': 1.0876436987951252, 'bkg': -0.4497218546463236, 'target_flux_total': 674.07406986227, 'target_frac_in_aperture': 0.7372629364110574, 'resid_frac': 0.1104865743102354, 'sector': 4}, {'dx': -0.1572684399115368, 'dy': -0.13394981478840667, 'scale': 1.0859390990029356, 'bkg': -0.511138322057102, 'target_flux_total': 673.0176333466349, 'target_frac_in_aperture': 0.7438226789367293, 'resid_frac': 0.11567755625354205, 'sector': 6}, {'dx': -0.08458598641341047, 'dy': -0.08638670836834948, 'scale': 1.0709675889577197, 'bkg': -0.468330981825504, 'target_flux_total': 663.7389451886082, 'target_frac_in_aperture': 0.7565910560877497, 'resid_frac': 0.12646888839221446, 'sector': 7}, {'dx': 0.012853838072839572, 'dy': -0.1097632785473206, 'scale': 1.0681999968725433, 'bkg': 1.169381336416277, 'target_flux_total': 662.0237124679662, 'target_frac_in_aperture': 0.7476791578669864, 'resid_frac': 0.16720092074284404, 'sector': 8}, {'dx': 0.047538655438883325, 'dy': -0.09435460788775318, 'scale': 1.0868804095828206, 'bkg': -0.6688404923615491, 'target_flux_total': 673.601016539394, 'target_frac_in_aperture': 0.6556620572538513, 'resid_frac': 0.10943437646497987, 'sector': 9}, {'dx': 0.08453015852714141, 'dy': -0.08751342938510506, 'scale': 1.0942962884611498, 'bkg': -0.6106259258695204, 'target_flux_total': 678.1970544354979, 'target_frac_in_aperture': 0.7735957248301581, 'resid_frac': 0.10407272451745132, 'sector': 10}, {'dx': 0.10830001344210016, 'dy': -0.03066905410446555, 'scale': 1.0912089211418157, 'bkg': -0.6321282179254383, 'target_flux_total': 676.283638988501, 'target_frac_in_aperture': 0.7338871949242077, 'resid_frac': 0.10343448325089187, 'sector': 11}, {'dx': -0.12210111090027961, 'dy': 0.0089557179482547, 'scale': 1.0834369077866457, 'bkg': -0.6127390073400257, 'target_flux_total': 671.4668844951436, 'target_frac_in_aperture': 0.7545432139679957, 'resid_frac': 0.09440349239158417, 'sector': 12}, {'dx': -0.11702638309300005, 'dy': -0.06782519414634132, 'scale': 1.0982710423106992, 'bkg': -0.8171129317292356, 'target_flux_total': 680.6604333039954, 'target_frac_in_aperture': 0.7747359910910795, 'resid_frac': 0.10652537864821492, 'sector': 13}, {'dx': -0.05558581038495839, 'dy': -0.09653193698422725, 'scale': 1.1020954558132243, 'bkg': -0.707225482720195, 'target_flux_total': 683.0306377903903, 'target_frac_in_aperture': 0.7977244090106446, 'resid_frac': 0.11191448593684016, 'sector': 27}, {'dx': -0.016513474517023296, 'dy': -0.12678019759568798, 'scale': 1.087684800855812, 'bkg': -0.5491655486020467, 'target_flux_total': 674.0995431246605, 'target_frac_in_aperture': 0.7498147141131313, 'resid_frac': 0.10079326558950726, 'sector': 28}, {'dx': 0.022602041094166768, 'dy': -0.10442226564763919, 'scale': 1.0840297283571185, 'bkg': -0.6278098603931468, 'target_flux_total': 671.8342887977469, 'target_frac_in_aperture': 0.7809270130963095, 'resid_frac': 0.1017475290928453, 'sector': 29}, {'dx': 0.09716419667038222, 'dy': -0.12158554985574471, 'scale': 1.1039075513576835, 'bkg': -0.7039475783925984, 'target_flux_total': 684.1536954792144, 'target_frac_in_aperture': 0.7505003991413568, 'resid_frac': 0.10542930067723522, 'sector': 30}, {'dx': 0.1456107122604937, 'dy': -0.04045985517033326, 'scale': 1.0932266082872237, 'bkg': -0.555918184612019, 'target_flux_total': 677.5341133739278, 'target_frac_in_aperture': 0.7706063776152228, 'resid_frac': 0.09838675881274692, 'sector': 31}, {'dx': -0.1674980572391243, 'dy': -0.059099800543363785, 'scale': 1.0963443508409496, 'bkg': -0.35772289401355567, 'target_flux_total': 679.4663540647908, 'target_frac_in_aperture': 0.7184962177511725, 'resid_frac': 0.10828500252717677, 'sector': 32}, {'dx': -0.12703858248509084, 'dy': -0.0887170624453551, 'scale': 1.0869034328744134, 'bkg': -0.2835063376322471, 'target_flux_total': 673.6152853701542, 'target_frac_in_aperture': 0.7371903612353441, 'resid_frac': 0.10571390940056703, 'sector': 33}, {'dx': -0.10809256316232421, 'dy': -0.10962634650940248, 'scale': 1.0753262150554777, 'bkg': -0.5810420388982165, 'target_flux_total': 666.4402313138148, 'target_frac_in_aperture': 0.7407693565469358, 'resid_frac': 0.10655634132615836, 'sector': 34}, {'dx': 0.06563841429913096, 'dy': -0.15451483757390577, 'scale': 1.0825412623334474, 'bkg': -0.5171079324903015, 'target_flux_total': 670.9118025538241, 'target_frac_in_aperture': 0.7529927203272635, 'resid_frac': 0.12011122480016344, 'sector': 36}, {'dx': 0.14695967841811533, 'dy': -0.12306660433686535, 'scale': 1.0889727536862692, 'bkg': -0.8543417089861406, 'target_flux_total': 674.8977600473335, 'target_frac_in_aperture': 0.734032711463414, 'resid_frac': 0.11338084161239503, 'sector': 37}, {'dx': 0.1556729754283578, 'dy': -0.03356474111916208, 'scale': 1.081713109237558, 'bkg': -0.4919302626334356, 'target_flux_total': 670.3985494283443, 'target_frac_in_aperture': 0.7476052584314333, 'resid_frac': 0.09985738472373959, 'sector': 38}, {'dx': -0.22617330536628458, 'dy': -0.06374577319835788, 'scale': 1.0924752039547263, 'bkg': -0.44537055078814775, 'target_flux_total': 677.0684257805735, 'target_frac_in_aperture': 0.7514634323106963, 'resid_frac': 0.0988474363730908, 'sector': 39}, {'dx': -0.09155624176321119, 'dy': -0.13658644156271726, 'scale': 1.0785933014700932, 'bkg': -0.9315404664972221, 'target_flux_total': 668.4650288081884, 'target_frac_in_aperture': 0.7587935423879149, 'resid_frac': 0.11305491718518486, 'sector': 61}, {'dx': -0.03565494951976299, 'dy': -0.2047053589632653, 'scale': 1.0708569611137733, 'bkg': -0.17035721366509457, 'target_flux_total': 663.6703828817685, 'target_frac_in_aperture': 0.6624839499566235, 'resid_frac': 0.11152925034402944, 'sector': 62}, {'dx': 0.06417956191010278, 'dy': -0.14482385928199093, 'scale': 1.0882475339285393, 'bkg': -0.5011027733599226, 'target_flux_total': 674.4483005100061, 'target_frac_in_aperture': 0.603338004388945, 'resid_frac': 0.13400898426479385, 'sector': 63}, {'dx': 0.11270438526549567, 'dy': -0.08283831057239552, 'scale': 1.1082879030631207, 'bkg': -0.7360511411215137, 'target_flux_total': 686.8684461873582, 'target_frac_in_aperture': 0.6366261679187555, 'resid_frac': 0.1223788385146437, 'sector': 64}, {'dx': -0.15776858725627899, 'dy': -0.07056828666477849, 'scale': 1.0958900147741648, 'bkg': -0.7337176309907321, 'target_flux_total': 679.1847764103052, 'target_frac_in_aperture': 0.7420749839606967, 'resid_frac': 0.10819533585402827, 'sector': 66}, {'dx': -0.07480522939378355, 'dy': -0.09845743905447371, 'scale': 1.1032093351903158, 'bkg': -0.1011845197611174, 'target_flux_total': 683.720971588015, 'target_frac_in_aperture': 0.7884798331183733, 'resid_frac': 0.12402114517081496, 'sector': 67}, {'dx': 0.06969881214499825, 'dy': -0.10417811779040599, 'scale': 1.1177735633023302, 'bkg': -0.7871667116076214, 'target_flux_total': 692.7472441888158, 'target_frac_in_aperture': 0.7439949323862078, 'resid_frac': 0.09191717873039826, 'sector': 68}, {'dx': -0.017686153190850748, 'dy': -0.16001588181411006, 'scale': 1.1408701576272966, 'bkg': -0.6849310153201564, 'target_flux_total': 707.06150478154, 'target_frac_in_aperture': 0.6989743665494852, 'resid_frac': 0.10596604840159686, 'sector': 69}, {'dx': -0.1689691021020485, 'dy': -0.08256348056394844, 'scale': 1.067739915329566, 'bkg': -0.6399784437625254, 'target_flux_total': 661.7385740182268, 'target_frac_in_aperture': 0.7421902662299572, 'resid_frac': 0.12066247694502251, 'sector': 87}, {'dx': -0.12175665268141367, 'dy': -0.1635385417152781, 'scale': 1.0838568254455874, 'bkg': -0.2952658059707642, 'target_flux_total': 671.727131123413, 'target_frac_in_aperture': 0.7304602052994601, 'resid_frac': 0.10100634165149044, 'sector': 88}, {'dx': 0.06014315609160936, 'dy': -0.14329310674833506, 'scale': 1.076865043493412, 'bkg': -0.3473993173890296, 'target_flux_total': 667.3939299828985, 'target_frac_in_aperture': 0.6611157283319137, 'resid_frac': 0.1443151656520951, 'sector': 90}, {'dx': -0.12264961392379302, 'dy': -0.04387076609584972, 'scale': 1.07871189587306, 'bkg': -0.9153785091119954, 'target_flux_total': 668.5385284404294, 'target_frac_in_aperture': 0.8126513565368865, 'resid_frac': 0.10936896150690563, 'sector': 93}, {'dx': -0.05492791851265018, 'dy': -0.11355302868692975, 'scale': 1.095902214502789, 'bkg': -0.278080119584705, 'target_flux_total': 679.1923372693751, 'target_frac_in_aperture': 0.7377732709815348, 'resid_frac': 0.13213287159244944, 'sector': 94}, {'dx': 0.06684788097489215, 'dy': -0.15401508509881423, 'scale': 1.1169457866272179, 'bkg': -0.44399350592354475, 'target_flux_total': 692.234224352496, 'target_frac_in_aperture': 0.756382436883842, 'resid_frac': 0.09294032688145233, 'sector': 95}, {'dx': -0.009265761011383116, 'dy': -0.18168476167890923, 'scale': 1.1396669750262618, 'bkg': -0.3972108728243841, 'target_flux_total': 706.3158247453613, 'target_frac_in_aperture': 0.6515617683019972, 'resid_frac': 0.10218945810595438, 'sector': 96}, {'dx': 0.07969300512717686, 'dy': -0.1413537850546774, 'scale': 1.1023631666671536, 'bkg': -0.9592733994160438, 'target_flux_total': 683.1965532873994, 'target_frac_in_aperture': 0.7553620928890709, 'resid_frac': 0.09731399554267485, 'sector': 97}, {'dx': -0.20380118865956962, 'dy': -0.005985419896223376, 'scale': 1.0797902786085538, 'bkg': -0.46019635440183776, 'target_flux_total': 669.2068629696404, 'target_frac_in_aperture': 0.7261619654843896, 'resid_frac': 0.11454785635346187, 'sector': 98}]","[{'half': 'odd sectors', 'offset_east': 0.0, 'offset_north': -1.0, 'offset_err_total_arcsec': 3.395847734431604, 'target_sigma_total': 0.1500735475945567, 'chi2_red': 1.0835690740068378, 'n_sectors': 21}, {'half': 'even sectors', 'offset_east': -3.0, 'offset_north': -3.0, 'offset_err_total_arcsec': 3.8359980053803677, 'target_sigma_total': 0.9875360317367147, 'chi2_red': 1.0659880180386025, 'n_sectors': 20}]",,,,,,,,,,,,
32090583,5.0990195135927845,,,4.3336224206596095,1.6184652255099046,1.0940226018983499,,,,,,TIC32090583_inject_target,injection,,,,,,4.496906533596177,,,,1.3675349000015182,True,,5.0990195135927845,,,target,4.667466549703138e+18,3.779677430771922,13.459675715179763,,4.667466549703138e+18,True,1.6184652255099046,4.496906533596177,1.3675349000015182,,
32090583,20.615528128088304,,,2.6462837142006137,9.73650775536091,1.0924168633748046,,,,,,TIC32090583_inject_4667466549703138304,injection,,,,,,99.82349872482843,,,,7.279411434815715,True,,7.230586349862425,,,neighbour,4.667466549703138e+18,9.826300451492948,13.624861291998197,0.0015695354019715708,4.667466549703138e+18,True,3.5253879529254055,15.536924525060723,2.528980256894633,,
32090583,36.24913792078372,,,0.9772050238058398,29.966314969241516,1.0961698414171048,,,,,,TIC32090583_inject_4667466652782354176,injection,,,,,,905.2339844281524,,,,11.655814158723528,True,,0.30949372189800745,,,neighbour,4.667466652782354e+18,40.42673600112967,16.95983468285158,0.06417783693945063,4.667466652782354e+18,True,0.0,0.0,0.0,,
32090583,56.568542494923804,,,0.5641895835477563,37.0,1.1178061461494444,,,,,,TIC32090583_inject_4667466721501827456,injection,,,,,,69188.52764755531,,,,37.0,True,,0.531357954171914,,,neighbour,4.667466721501827e+18,53.854255699575596,15.687461999323192,0.17021614000451826,4.667466721501827e+18,True,0.0,0.0,0.0,,
32090583,1.0,-1.0,0.0,0.9772050238058398,0.6356326623252544,1.0487536725434596,1.2477048608629107,0.0346670190243374,1.1316721803283496,41.0,2070.0,TOI-218.01,context,0.4383339706161933,1676.8053582649031,4.667466549703138e+18,3.779677430771922,True,1.2886535557432968,1.1025320605662452,1.5,2.4739672128627355,0.12015642286752135,True,[],1.0,"[{'dx': -0.055981274511212625, 'dy': -0.20806284842580783, 'scale': 1.093113394901745, 'bkg': -0.8868808883477001, 'target_flux_total': 677.4639486613504, 'target_frac_in_aperture': 0.7512171112828031, 'resid_frac': 0.1265847416871163, 'sector': 1}, {'dx': 0.03624789539000175, 'dy': -0.12163765000673273, 'scale': 1.1017936775820187, 'bkg': -1.0802373174124973, 'target_flux_total': 682.8436088205816, 'target_frac_in_aperture': 0.7618275756651847, 'resid_frac': 0.11533016114309942, 'sector': 2}, {'dx': 0.07646363745696384, 'dy': -0.10085489845303305, 'scale': 1.119262880708857, 'bkg': -1.2672799849077965, 'target_flux_total': 693.6702580826545, 'target_frac_in_aperture': 0.6712919721631433, 'resid_frac': 0.11714940588525674, 'sector': 3}, {'dx': 0.10158133202551124, 'dy': -0.05568952974952864, 'scale': 1.0876436987951252, 'bkg': -0.4497218546463236, 'target_flux_total': 674.07406986227, 'target_frac_in_aperture': 0.7372629364110574, 'resid_frac': 0.1104865743102354, 'sector': 4}, {'dx': -0.1572684399115368, 'dy': -0.13394981478840667, 'scale': 1.0859390990029356, 'bkg': -0.511138322057102, 'target_flux_total': 673.0176333466349, 'target_frac_in_aperture': 0.7438226789367293, 'resid_frac': 0.11567755625354205, 'sector': 6}, {'dx': -0.08458598641341047, 'dy': -0.08638670836834948, 'scale': 1.0709675889577197, 'bkg': -0.468330981825504, 'target_flux_total': 663.7389451886082, 'target_frac_in_aperture': 0.7565910560877497, 'resid_frac': 0.12646888839221446, 'sector': 7}, {'dx': 0.012853838072839572, 'dy': -0.1097632785473206, 'scale': 1.0681999968725433, 'bkg': 1.169381336416277, 'target_flux_total': 662.0237124679662, 'target_frac_in_aperture': 0.7476791578669864, 'resid_frac': 0.16720092074284404, 'sector': 8}, {'dx': 0.047538655438883325, 'dy': -0.09435460788775318, 'scale': 1.0868804095828206, 'bkg': -0.6688404923615491, 'target_flux_total': 673.601016539394, 'target_frac_in_aperture': 0.6556620572538513, 'resid_frac': 0.10943437646497987, 'sector': 9}, {'dx': 0.08453015852714141, 'dy': -0.08751342938510506, 'scale': 1.0942962884611498, 'bkg': -0.6106259258695204, 'target_flux_total': 678.1970544354979, 'target_frac_in_aperture': 0.7735957248301581, 'resid_frac': 0.10407272451745132, 'sector': 10}, {'dx': 0.10830001344210016, 'dy': -0.03066905410446555, 'scale': 1.0912089211418157, 'bkg': -0.6321282179254383, 'target_flux_total': 676.283638988501, 'target_frac_in_aperture': 0.7338871949242077, 'resid_frac': 0.10343448325089187, 'sector': 11}, {'dx': -0.12210111090027961, 'dy': 0.0089557179482547, 'scale': 1.0834369077866457, 'bkg': -0.6127390073400257, 'target_flux_total': 671.4668844951436, 'target_frac_in_aperture': 0.7545432139679957, 'resid_frac': 0.09440349239158417, 'sector': 12}, {'dx': -0.11702638309300005, 'dy': -0.06782519414634132, 'scale': 1.0982710423106992, 'bkg': -0.8171129317292356, 'target_flux_total': 680.6604333039954, 'target_frac_in_aperture': 0.7747359910910795, 'resid_frac': 0.10652537864821492, 'sector': 13}, {'dx': -0.05558581038495839, 'dy': -0.09653193698422725, 'scale': 1.1020954558132243, 'bkg': -0.707225482720195, 'target_flux_total': 683.0306377903903, 'target_frac_in_aperture': 0.7977244090106446, 'resid_frac': 0.11191448593684016, 'sector': 27}, {'dx': -0.016513474517023296, 'dy': -0.12678019759568798, 'scale': 1.087684800855812, 'bkg': -0.5491655486020467, 'target_flux_total': 674.0995431246605, 'target_frac_in_aperture': 0.7498147141131313, 'resid_frac': 0.10079326558950726, 'sector': 28}, {'dx': 0.022602041094166768, 'dy': -0.10442226564763919, 'scale': 1.0840297283571185, 'bkg': -0.6278098603931468, 'target_flux_total': 671.8342887977469, 'target_frac_in_aperture': 0.7809270130963095, 'resid_frac': 0.1017475290928453, 'sector': 29}, {'dx': 0.09716419667038222, 'dy': -0.12158554985574471, 'scale': 1.1039075513576835, 'bkg': -0.7039475783925984, 'target_flux_total': 684.1536954792144, 'target_frac_in_aperture': 0.7505003991413568, 'resid_frac': 0.10542930067723522, 'sector': 30}, {'dx': 0.1456107122604937, 'dy': -0.04045985517033326, 'scale': 1.0932266082872237, 'bkg': -0.555918184612019, 'target_flux_total': 677.5341133739278, 'target_frac_in_aperture': 0.7706063776152228, 'resid_frac': 0.09838675881274692, 'sector': 31}, {'dx': -0.1674980572391243, 'dy': -0.059099800543363785, 'scale': 1.0963443508409496, 'bkg': -0.35772289401355567, 'target_flux_total': 679.4663540647908, 'target_frac_in_aperture': 0.7184962177511725, 'resid_frac': 0.10828500252717677, 'sector': 32}, {'dx': -0.12703858248509084, 'dy': -0.0887170624453551, 'scale': 1.0869034328744134, 'bkg': -0.2835063376322471, 'target_flux_total': 673.6152853701542, 'target_frac_in_aperture': 0.7371903612353441, 'resid_frac': 0.10571390940056703, 'sector': 33}, {'dx': -0.10809256316232421, 'dy': -0.10962634650940248, 'scale': 1.0753262150554777, 'bkg': -0.5810420388982165, 'target_flux_total': 666.4402313138148, 'target_frac_in_aperture': 0.7407693565469358, 'resid_frac': 0.10655634132615836, 'sector': 34}, {'dx': 0.06563841429913096, 'dy': -0.15451483757390577, 'scale': 1.0825412623334474, 'bkg': -0.5171079324903015, 'target_flux_total': 670.9118025538241, 'target_frac_in_aperture': 0.7529927203272635, 'resid_frac': 0.12011122480016344, 'sector': 36}, {'dx': 0.14695967841811533, 'dy': -0.12306660433686535, 'scale': 1.0889727536862692, 'bkg': -0.8543417089861406, 'target_flux_total': 674.8977600473335, 'target_frac_in_aperture': 0.734032711463414, 'resid_frac': 0.11338084161239503, 'sector': 37}, {'dx': 0.1556729754283578, 'dy': -0.03356474111916208, 'scale': 1.081713109237558, 'bkg': -0.4919302626334356, 'target_flux_total': 670.3985494283443, 'target_frac_in_aperture': 0.7476052584314333, 'resid_frac': 0.09985738472373959, 'sector': 38}, {'dx': -0.22617330536628458, 'dy': -0.06374577319835788, 'scale': 1.0924752039547263, 'bkg': -0.44537055078814775, 'target_flux_total': 677.0684257805735, 'target_frac_in_aperture': 0.7514634323106963, 'resid_frac': 0.0988474363730908, 'sector': 39}, {'dx': -0.09155624176321119, 'dy': -0.13658644156271726, 'scale': 1.0785933014700932, 'bkg': -0.9315404664972221, 'target_flux_total': 668.4650288081884, 'target_frac_in_aperture': 0.7587935423879149, 'resid_frac': 0.11305491718518486, 'sector': 61}, {'dx': -0.03565494951976299, 'dy': -0.2047053589632653, 'scale': 1.0708569611137733, 'bkg': -0.17035721366509457, 'target_flux_total': 663.6703828817685, 'target_frac_in_aperture': 0.6624839499566235, 'resid_frac': 0.11152925034402944, 'sector': 62}, {'dx': 0.06417956191010278, 'dy': -0.14482385928199093, 'scale': 1.0882475339285393, 'bkg': -0.5011027733599226, 'target_flux_total': 674.4483005100061, 'target_frac_in_aperture': 0.603338004388945, 'resid_frac': 0.13400898426479385, 'sector': 63}, {'dx': 0.11270438526549567, 'dy': -0.08283831057239552, 'scale': 1.1082879030631207, 'bkg': -0.7360511411215137, 'target_flux_total': 686.8684461873582, 'target_frac_in_aperture': 0.6366261679187555, 'resid_frac': 0.1223788385146437, 'sector': 64}, {'dx': -0.15776858725627899, 'dy': -0.07056828666477849, 'scale': 1.0958900147741648, 'bkg': -0.7337176309907321, 'target_flux_total': 679.1847764103052, 'target_frac_in_aperture': 0.7420749839606967, 'resid_frac': 0.10819533585402827, 'sector': 66}, {'dx': -0.07480522939378355, 'dy': -0.09845743905447371, 'scale': 1.1032093351903158, 'bkg': -0.1011845197611174, 'target_flux_total': 683.720971588015, 'target_frac_in_aperture': 0.7884798331183733, 'resid_frac': 0.12402114517081496, 'sector': 67}, {'dx': 0.06969881214499825, 'dy': -0.10417811779040599, 'scale': 1.1177735633023302, 'bkg': -0.7871667116076214, 'target_flux_total': 692.7472441888158, 'target_frac_in_aperture': 0.7439949323862078, 'resid_frac': 0.09191717873039826, 'sector': 68}, {'dx': -0.017686153190850748, 'dy': -0.16001588181411006, 'scale': 1.1408701576272966, 'bkg': -0.6849310153201564, 'target_flux_total': 707.06150478154, 'target_frac_in_aperture': 0.6989743665494852, 'resid_frac': 0.10596604840159686, 'sector': 69}, {'dx': -0.1689691021020485, 'dy': -0.08256348056394844, 'scale': 1.067739915329566, 'bkg': -0.6399784437625254, 'target_flux_total': 661.7385740182268, 'target_frac_in_aperture': 0.7421902662299572, 'resid_frac': 0.12066247694502251, 'sector': 87}, {'dx': -0.12175665268141367, 'dy': -0.1635385417152781, 'scale': 1.0838568254455874, 'bkg': -0.2952658059707642, 'target_flux_total': 671.727131123413, 'target_frac_in_aperture': 0.7304602052994601, 'resid_frac': 0.10100634165149044, 'sector': 88}, {'dx': 0.06014315609160936, 'dy': -0.14329310674833506, 'scale': 1.076865043493412, 'bkg': -0.3473993173890296, 'target_flux_total': 667.3939299828985, 'target_frac_in_aperture': 0.6611157283319137, 'resid_frac': 0.1443151656520951, 'sector': 90}, {'dx': -0.12264961392379302, 'dy': -0.04387076609584972, 'scale': 1.07871189587306, 'bkg': -0.9153785091119954, 'target_flux_total': 668.5385284404294, 'target_frac_in_aperture': 0.8126513565368865, 'resid_frac': 0.10936896150690563, 'sector': 93}, {'dx': -0.05492791851265018, 'dy': -0.11355302868692975, 'scale': 1.095902214502789, 'bkg': -0.278080119584705, 'target_flux_total': 679.1923372693751, 'target_frac_in_aperture': 0.7377732709815348, 'resid_frac': 0.13213287159244944, 'sector': 94}, {'dx': 0.06684788097489215, 'dy': -0.15401508509881423, 'scale': 1.1169457866272179, 'bkg': -0.44399350592354475, 'target_flux_total': 692.234224352496, 'target_frac_in_aperture': 0.756382436883842, 'resid_frac': 0.09294032688145233, 'sector': 95}, {'dx': -0.009265761011383116, 'dy': -0.18168476167890923, 'scale': 1.1396669750262618, 'bkg': -0.3972108728243841, 'target_flux_total': 706.3158247453613, 'target_frac_in_aperture': 0.6515617683019972, 'resid_frac': 0.10218945810595438, 'sector': 96}, {'dx': 0.07969300512717686, 'dy': -0.1413537850546774, 'scale': 1.1023631666671536, 'bkg': -0.9592733994160438, 'target_flux_total': 683.1965532873994, 'target_frac_in_aperture': 0.7553620928890709, 'resid_frac': 0.09731399554267485, 'sector': 97}, {'dx': -0.20380118865956962, 'dy': -0.005985419896223376, 'scale': 1.0797902786085538, 'bkg': -0.46019635440183776, 'target_flux_total': 669.2068629696404, 'target_frac_in_aperture': 0.7261619654843896, 'resid_frac': 0.11454785635346187, 'sector': 98}]",,,,,,,,,,,,,
32090583,1.0,-1.0,0.0,1.1283791670955126,0.7084190007599552,1.0684013389929734,2.5488395309984835,0.10374698396153627,2.1865804774299504,41.0,110.0,TOI-218.02,context,8.352188686542856,3239.8692170449585,4.667466549703138e+18,3.779677430771922,True,1.4734246331667065,1.165673780273719,1.5,2.5374837253672395,0.17073286693280734,True,[],1.0,"[{'dx': -0.055981274511212625, 'dy': -0.20806284842580783, 'scale': 1.093113394901745, 'bkg': -0.8868808883477001, 'target_flux_total': 677.4639486613504, 'target_frac_in_aperture': 0.7512171112828031, 'resid_frac': 0.1265847416871163, 'sector': 1}, {'dx': 0.03624789539000175, 'dy': -0.12163765000673273, 'scale': 1.1017936775820187, 'bkg': -1.0802373174124973, 'target_flux_total': 682.8436088205816, 'target_frac_in_aperture': 0.7618275756651847, 'resid_frac': 0.11533016114309942, 'sector': 2}, {'dx': 0.07646363745696384, 'dy': -0.10085489845303305, 'scale': 1.119262880708857, 'bkg': -1.2672799849077965, 'target_flux_total': 693.6702580826545, 'target_frac_in_aperture': 0.6712919721631433, 'resid_frac': 0.11714940588525674, 'sector': 3}, {'dx': 0.10158133202551124, 'dy': -0.05568952974952864, 'scale': 1.0876436987951252, 'bkg': -0.4497218546463236, 'target_flux_total': 674.07406986227, 'target_frac_in_aperture': 0.7372629364110574, 'resid_frac': 0.1104865743102354, 'sector': 4}, {'dx': -0.1572684399115368, 'dy': -0.13394981478840667, 'scale': 1.0859390990029356, 'bkg': -0.511138322057102, 'target_flux_total': 673.0176333466349, 'target_frac_in_aperture': 0.7438226789367293, 'resid_frac': 0.11567755625354205, 'sector': 6}, {'dx': -0.08458598641341047, 'dy': -0.08638670836834948, 'scale': 1.0709675889577197, 'bkg': -0.468330981825504, 'target_flux_total': 663.7389451886082, 'target_frac_in_aperture': 0.7565910560877497, 'resid_frac': 0.12646888839221446, 'sector': 7}, {'dx': 0.012853838072839572, 'dy': -0.1097632785473206, 'scale': 1.0681999968725433, 'bkg': 1.169381336416277, 'target_flux_total': 662.0237124679662, 'target_frac_in_aperture': 0.7476791578669864, 'resid_frac': 0.16720092074284404, 'sector': 8}, {'dx': 0.047538655438883325, 'dy': -0.09435460788775318, 'scale': 1.0868804095828206, 'bkg': -0.6688404923615491, 'target_flux_total': 673.601016539394, 'target_frac_in_aperture': 0.6556620572538513, 'resid_frac': 0.10943437646497987, 'sector': 9}, {'dx': 0.08453015852714141, 'dy': -0.08751342938510506, 'scale': 1.0942962884611498, 'bkg': -0.6106259258695204, 'target_flux_total': 678.1970544354979, 'target_frac_in_aperture': 0.7735957248301581, 'resid_frac': 0.10407272451745132, 'sector': 10}, {'dx': 0.10830001344210016, 'dy': -0.03066905410446555, 'scale': 1.0912089211418157, 'bkg': -0.6321282179254383, 'target_flux_total': 676.283638988501, 'target_frac_in_aperture': 0.7338871949242077, 'resid_frac': 0.10343448325089187, 'sector': 11}, {'dx': -0.12210111090027961, 'dy': 0.0089557179482547, 'scale': 1.0834369077866457, 'bkg': -0.6127390073400257, 'target_flux_total': 671.4668844951436, 'target_frac_in_aperture': 0.7545432139679957, 'resid_frac': 0.09440349239158417, 'sector': 12}, {'dx': -0.11702638309300005, 'dy': -0.06782519414634132, 'scale': 1.0982710423106992, 'bkg': -0.8171129317292356, 'target_flux_total': 680.6604333039954, 'target_frac_in_aperture': 0.7747359910910795, 'resid_frac': 0.10652537864821492, 'sector': 13}, {'dx': -0.05558581038495839, 'dy': -0.09653193698422725, 'scale': 1.1020954558132243, 'bkg': -0.707225482720195, 'target_flux_total': 683.0306377903903, 'target_frac_in_aperture': 0.7977244090106446, 'resid_frac': 0.11191448593684016, 'sector': 27}, {'dx': -0.016513474517023296, 'dy': -0.12678019759568798, 'scale': 1.087684800855812, 'bkg': -0.5491655486020467, 'target_flux_total': 674.0995431246605, 'target_frac_in_aperture': 0.7498147141131313, 'resid_frac': 0.10079326558950726, 'sector': 28}, {'dx': 0.022602041094166768, 'dy': -0.10442226564763919, 'scale': 1.0840297283571185, 'bkg': -0.6278098603931468, 'target_flux_total': 671.8342887977469, 'target_frac_in_aperture': 0.7809270130963095, 'resid_frac': 0.1017475290928453, 'sector': 29}, {'dx': 0.09716419667038222, 'dy': -0.12158554985574471, 'scale': 1.1039075513576835, 'bkg': -0.7039475783925984, 'target_flux_total': 684.1536954792144, 'target_frac_in_aperture': 0.7505003991413568, 'resid_frac': 0.10542930067723522, 'sector': 30}, {'dx': 0.1456107122604937, 'dy': -0.04045985517033326, 'scale': 1.0932266082872237, 'bkg': -0.555918184612019, 'target_flux_total': 677.5341133739278, 'target_frac_in_aperture': 0.7706063776152228, 'resid_frac': 0.09838675881274692, 'sector': 31}, {'dx': -0.1674980572391243, 'dy': -0.059099800543363785, 'scale': 1.0963443508409496, 'bkg': -0.35772289401355567, 'target_flux_total': 679.4663540647908, 'target_frac_in_aperture': 0.7184962177511725, 'resid_frac': 0.10828500252717677, 'sector': 32}, {'dx': -0.12703858248509084, 'dy': -0.0887170624453551, 'scale': 1.0869034328744134, 'bkg': -0.2835063376322471, 'target_flux_total': 673.6152853701542, 'target_frac_in_aperture': 0.7371903612353441, 'resid_frac': 0.10571390940056703, 'sector': 33}, {'dx': -0.10809256316232421, 'dy': -0.10962634650940248, 'scale': 1.0753262150554777, 'bkg': -0.5810420388982165, 'target_flux_total': 666.4402313138148, 'target_frac_in_aperture': 0.7407693565469358, 'resid_frac': 0.10655634132615836, 'sector': 34}, {'dx': 0.06563841429913096, 'dy': -0.15451483757390577, 'scale': 1.0825412623334474, 'bkg': -0.5171079324903015, 'target_flux_total': 670.9118025538241, 'target_frac_in_aperture': 0.7529927203272635, 'resid_frac': 0.12011122480016344, 'sector': 36}, {'dx': 0.14695967841811533, 'dy': -0.12306660433686535, 'scale': 1.0889727536862692, 'bkg': -0.8543417089861406, 'target_flux_total': 674.8977600473335, 'target_frac_in_aperture': 0.734032711463414, 'resid_frac': 0.11338084161239503, 'sector': 37}, {'dx': 0.1556729754283578, 'dy': -0.03356474111916208, 'scale': 1.081713109237558, 'bkg': -0.4919302626334356, 'target_flux_total': 670.3985494283443, 'target_frac_in_aperture': 0.7476052584314333, 'resid_frac': 0.09985738472373959, 'sector': 38}, {'dx': -0.22617330536628458, 'dy': -0.06374577319835788, 'scale': 1.0924752039547263, 'bkg': -0.44537055078814775, 'target_flux_total': 677.0684257805735, 'target_frac_in_aperture': 0.7514634323106963, 'resid_frac': 0.0988474363730908, 'sector': 39}, {'dx': -0.09155624176321119, 'dy': -0.13658644156271726, 'scale': 1.0785933014700932, 'bkg': -0.9315404664972221, 'target_flux_total': 668.4650288081884, 'target_frac_in_aperture': 0.7587935423879149, 'resid_frac': 0.11305491718518486, 'sector': 61}, {'dx': -0.03565494951976299, 'dy': -0.2047053589632653, 'scale': 1.0708569611137733, 'bkg': -0.17035721366509457, 'target_flux_total': 663.6703828817685, 'target_frac_in_aperture': 0.6624839499566235, 'resid_frac': 0.11152925034402944, 'sector': 62}, {'dx': 0.06417956191010278, 'dy': -0.14482385928199093, 'scale': 1.0882475339285393, 'bkg': -0.5011027733599226, 'target_flux_total': 674.4483005100061, 'target_frac_in_aperture': 0.603338004388945, 'resid_frac': 0.13400898426479385, 'sector': 63}, {'dx': 0.11270438526549567, 'dy': -0.08283831057239552, 'scale': 1.1082879030631207, 'bkg': -0.7360511411215137, 'target_flux_total': 686.8684461873582, 'target_frac_in_aperture': 0.6366261679187555, 'resid_frac': 0.1223788385146437, 'sector': 64}, {'dx': -0.15776858725627899, 'dy': -0.07056828666477849, 'scale': 1.0958900147741648, 'bkg': -0.7337176309907321, 'target_flux_total': 679.1847764103052, 'target_frac_in_aperture': 0.7420749839606967, 'resid_frac': 0.10819533585402827, 'sector': 66}, {'dx': -0.07480522939378355, 'dy': -0.09845743905447371, 'scale': 1.1032093351903158, 'bkg': -0.1011845197611174, 'target_flux_total': 683.720971588015, 'target_frac_in_aperture': 0.7884798331183733, 'resid_frac': 0.12402114517081496, 'sector': 67}, {'dx': 0.06969881214499825, 'dy': -0.10417811779040599, 'scale': 1.1177735633023302, 'bkg': -0.7871667116076214, 'target_flux_total': 692.7472441888158, 'target_frac_in_aperture': 0.7439949323862078, 'resid_frac': 0.09191717873039826, 'sector': 68}, {'dx': -0.017686153190850748, 'dy': -0.16001588181411006, 'scale': 1.1408701576272966, 'bkg': -0.6849310153201564, 'target_flux_total': 707.06150478154, 'target_frac_in_aperture': 0.6989743665494852, 'resid_frac': 0.10596604840159686, 'sector': 69}, {'dx': -0.1689691021020485, 'dy': -0.08256348056394844, 'scale': 1.067739915329566, 'bkg': -0.6399784437625254, 'target_flux_total': 661.7385740182268, 'target_frac_in_aperture': 0.7421902662299572, 'resid_frac': 0.12066247694502251, 'sector': 87}, {'dx': -0.12175665268141367, 'dy': -0.1635385417152781, 'scale': 1.0838568254455874, 'bkg': -0.2952658059707642, 'target_flux_total': 671.727131123413, 'target_frac_in_aperture': 0.7304602052994601, 'resid_frac': 0.10100634165149044, 'sector': 88}, {'dx': 0.06014315609160936, 'dy': -0.14329310674833506, 'scale': 1.076865043493412, 'bkg': -0.3473993173890296, 'target_flux_total': 667.3939299828985, 'target_frac_in_aperture': 0.6611157283319137, 'resid_frac': 0.1443151656520951, 'sector': 90}, {'dx': -0.12264961392379302, 'dy': -0.04387076609584972, 'scale': 1.07871189587306, 'bkg': -0.9153785091119954, 'target_flux_total': 668.5385284404294, 'target_frac_in_aperture': 0.8126513565368865, 'resid_frac': 0.10936896150690563, 'sector': 93}, {'dx': -0.05492791851265018, 'dy': -0.11355302868692975, 'scale': 1.095902214502789, 'bkg': -0.278080119584705, 'target_flux_total': 679.1923372693751, 'target_frac_in_aperture': 0.7377732709815348, 'resid_frac': 0.13213287159244944, 'sector': 94}, {'dx': 0.06684788097489215, 'dy': -0.15401508509881423, 'scale': 1.1169457866272179, 'bkg': -0.44399350592354475, 'target_flux_total': 692.234224352496, 'target_frac_in_aperture': 0.756382436883842, 'resid_frac': 0.09294032688145233, 'sector': 95}, {'dx': -0.009265761011383116, 'dy': -0.18168476167890923, 'scale': 1.1396669750262618, 'bkg': -0.3972108728243841, 'target_flux_total': 706.3158247453613, 'target_frac_in_aperture': 0.6515617683019972, 'resid_frac': 0.10218945810595438, 'sector': 96}, {'dx': 0.07969300512717686, 'dy': -0.1413537850546774, 'scale': 1.1023631666671536, 'bkg': -0.9592733994160438, 'target_flux_total': 683.1965532873994, 'target_frac_in_aperture': 0.7553620928890709, 'resid_frac': 0.09731399554267485, 'sector': 97}, {'dx': -0.20380118865956962, 'dy': -0.005985419896223376, 'scale': 1.0797902786085538, 'bkg': -0.46019635440183776, 'target_flux_total': 669.2068629696404, 'target_frac_in_aperture': 0.7261619654843896, 'resid_frac': 0.11454785635346187, 'sector': 98}]",,,,,,,,,,,,,
294053492,21.633307652783937,18.0,12.0,2.0342144725641096,11.71437012587907,1.1131852897906895,0.8056714768321204,0.057727248703291496,0.45648366067152435,21.0,419.0,TIC294053492,candidate,1.0852646883065085,728.95029992173,5.486535775331401e+18,22.67716268156615,False,142.61400076797207,1.764951401868169,1.5,3.0501823932607244,7.672794658506957,True,"[(5486535775331400832, 22.7, 18.76)]",21.633307652783937,"[{'dx': -0.021484829490060812, 'dy': -0.06620629334720358, 'scale': 1.097944497517224, 'bkg': -2.564267231789719, 'target_flux_total': 632.0023687310251, 'target_frac_in_aperture': 0.7064326442442835, 'resid_frac': 0.02900373887879863, 'sector': 1}, {'dx': -0.04637642080258666, 'dy': 0.01823137776966284, 'scale': 1.0870469463748254, 'bkg': -1.53787946602844, 'target_flux_total': 625.7294850370519, 'target_frac_in_aperture': 0.6028296318601467, 'resid_frac': 0.03878515127610947, 'sector': 2}, {'dx': -0.01451177674000717, 'dy': 0.001964639891814351, 'scale': 1.0832257899731135, 'bkg': -1.2199572638943732, 'target_flux_total': 623.5299386094914, 'target_frac_in_aperture': 0.6837815669891897, 'resid_frac': 0.046746756174451454, 'sector': 3}, {'dx': -0.07261548916273267, 'dy': 0.04692403406252758, 'scale': 1.0929006961315886, 'bkg': -1.5906481656643259, 'target_flux_total': 629.0990394367495, 'target_frac_in_aperture': 0.7514319923327399, 'resid_frac': 0.04953358401499942, 'sector': 4}, {'dx': -0.028463785297273773, 'dy': 0.03653606256625182, 'scale': 1.0879000547121584, 'bkg': -2.817325440583952, 'target_flux_total': 626.2205540220488, 'target_frac_in_aperture': 0.7548682234130234, 'resid_frac': 0.032507549510216414, 'sector': 5}, {'dx': -0.011095377375317576, 'dy': 0.029338147035589644, 'scale': 1.0776581266970473, 'bkg': -2.113645490738473, 'target_flux_total': 620.3250622366625, 'target_frac_in_aperture': 0.7693319988740545, 'resid_frac': 0.037127542971883795, 'sector': 6}, {'dx': 0.007581072841976836, 'dy': -0.056226406351938596, 'scale': 1.0867648434261414, 'bkg': -2.794098239101216, 'target_flux_total': 625.5671000237862, 'target_frac_in_aperture': 0.7207240392196762, 'resid_frac': 0.032304637746823954, 'sector': 7}, {'dx': 0.007790214615559254, 'dy': -0.03410134516477405, 'scale': 1.0739369749305767, 'bkg': 3.4207048480682656, 'target_flux_total': 618.1830808012301, 'target_frac_in_aperture': 0.6456662652440679, 'resid_frac': 0.09150709713348545, 'sector': 8}, {'dx': -0.0036337719439901543, 'dy': -0.056980113035642564, 'scale': 1.090868558755045, 'bkg': -1.9252255268412384, 'target_flux_total': 627.9292939364382, 'target_frac_in_aperture': 0.689561895735017, 'resid_frac': 0.0258909051134754, 'sector': 9}, {'dx': 0.020956838418050114, 'dy': -0.047332342392140646, 'scale': 1.0986939509431584, 'bkg': -1.1721643982077352, 'target_flux_total': 632.4337715401062, 'target_frac_in_aperture': 0.7401312553598961, 'resid_frac': 0.031710260273314944, 'sector': 10}, {'dx': 0.019386342269787072, 'dy': -0.01973671340861023, 'scale': 1.082744608749875, 'bkg': -1.6116991796761486, 'target_flux_total': 623.2529595148621, 'target_frac_in_aperture': 0.7347321440857328, 'resid_frac': 0.02992568382569487, 'sector': 11}, {'dx': 0.005611305007537335, 'dy': -0.001881476394359091, 'scale': 1.0951845662846977, 'bkg': -1.3890745848895327, 'target_flux_total': 630.4136881734598, 'target_frac_in_aperture': 0.7475971862085888, 'resid_frac': 0.035540504322689945, 'sector': 12}, {'dx': 0.009295984579466197, 'dy': -0.0101022002389322, 'scale': 1.0954231882293886, 'bkg': -2.308812991745102, 'target_flux_total': 630.5510445103392, 'target_frac_in_aperture': 0.6918252673151631, 'resid_frac': 0.04180688237711712, 'sector': 13}, {'dx': -0.006719652590712518, 'dy': -0.02401843008932749, 'scale': 1.0812882731121685, 'bkg': -2.2355322144061938, 'target_flux_total': 622.4146588769162, 'target_frac_in_aperture': 0.6415954223756416, 'resid_frac': 0.031962370662211276, 'sector': 87}, {'dx': -0.007527290646175707, 'dy': -0.03419368551132257, 'scale': 1.1018398857232106, 'bkg': -2.0953804609910938, 'target_flux_total': 634.2446447102549, 'target_frac_in_aperture': 0.7303820318841849, 'resid_frac': 0.0344604430039249, 'sector': 88}, {'dx': -0.005878630946175704, 'dy': 0.007419948300637099, 'scale': 1.1093911292048761, 'bkg': -0.7807794898544512, 'target_flux_total': 638.5913159473431, 'target_frac_in_aperture': 0.7416261042459741, 'resid_frac': 0.03656201235976077, 'sector': 89}, {'dx': 0.030170225306920474, 'dy': -0.04039018479167619, 'scale': 1.0884040280586589, 'bkg': -1.1043493061391807, 'target_flux_total': 626.510652792511, 'target_frac_in_aperture': 0.7553738637722884, 'resid_frac': 0.02360409049150855, 'sector': 90}, {'dx': 0.021016817782142844, 'dy': 0.009181916098859167, 'scale': 1.0632047550356762, 'bkg': 0.04437868043921444, 'target_flux_total': 612.0053656155743, 'target_frac_in_aperture': 0.6981419543164912, 'resid_frac': 0.07653920553719097, 'sector': 93}, {'dx': -0.0016687414179048547, 'dy': 0.055614650542224434, 'scale': 1.0858335052242167, 'bkg': -1.1772914479472916, 'target_flux_total': 625.0310001106876, 'target_frac_in_aperture': 0.6059964282049535, 'resid_frac': 0.04079936194144799, 'sector': 94}, {'dx': 0.016721902198877946, 'dy': -0.03601322530464662, 'scale': 1.0734216792465436, 'bkg': -0.8684993465625226, 'target_flux_total': 617.8864646301556, 'target_frac_in_aperture': 0.6858880187849803, 'resid_frac': 0.03537007316598419, 'sector': 95}, {'dx': 0.020315442557098728, 'dy': 0.0061149013365072195, 'scale': 1.0960901653511619, 'bkg': 0.050946172061374265, 'target_flux_total': 630.9349720420162, 'target_frac_in_aperture': 0.7344050211362971, 'resid_frac': 0.03561093525914837, 'sector': 96}]","[{'half': 'odd sectors', 'offset_east': 14.0, 'offset_north': 12.0, 'offset_err_total_arcsec': 3.709440798655612, 'target_sigma_total': 6.143520035716518, 'chi2_red': 1.07769627865826, 'n_sectors': 11}, {'half': 'even sectors', 'offset_east': 21.0, 'offset_north': 13.0, 'offset_err_total_arcsec': 3.666284379661102, 'target_sigma_total': 6.774125313640381, 'chi2_red': 1.1464645634859627, 'n_sectors': 10}]",,,,,,,,,,,,
294053492,4.123105625617661,,,4.259537945889915,0.7249654182687534,1.1139210193940163,,,,,,TIC294053492_inject_target,injection,,,,,,1.5165525693022386,,,,0.5914818628564903,True,,4.123105625617661,,,target,5.486535779627129e+18,3.7730737146852347,13.539882348944376,,5.486535779627129e+18,True,0.7249654182687534,1.5165525693022386,0.5914818628564903,,
294053492,17.029386365926403,,,3.431831258788849,5.5422879402965215,1.1148671584514176,,,,,,TIC294053492_inject_5486535779627127680,injection,,,,,,34.65386152739917,,,,4.530734042662431,True,,1.5026745213113755,,,neighbour,5.486535779627128e+18,22.56929383547876,13.6262614206802,0.0011462921993674396,5.486535779627128e+18,True,0.14121352876737753,0.23824002580783782,0.09976277280718493,,
294053492,26.476404589747453,,,2.0342144725641096,14.054051953804912,1.1135680918504298,,,,,,TIC294053492_inject_5486536157584250880,injection,,,,,,203.26378119414568,,,,9.24577173706506,True,,1.27825817806306,,,neighbour,5.486536157584251e+18,26.615911699167565,15.164164638226255,0.0061893526696596155,5.486536157584251e+18,True,0.5767892030417441,1.1451117777533193,0.2856052735896963,,
294053492,63.071388124885914,,,0.5641895835477563,37.0,1.1827492066206025,,,,,,TIC294053492_inject_5486535672251646976,injection,,,,,,72693.47172585686,,,,37.0,True,,0.9140693630648234,,,neighbour,5.486535672251647e+18,58.81290194621269,13.280232686948592,0.030050031552606948,5.486535672251647e+18,True,0.0,0.0,0.0,,
149390648,4.242640687119285,-3.0,3.0,2.763953195770684,1.9803802265447672,1.0610734347348332,0.6893570309101371,0.06997540614112072,0.4539080078026719,32.0,234.0,TIC149390648,candidate,2.836886745638589,666.5329782953958,4.7576565335945e+18,1.0994938005336448,True,6.087291199528354,1.5187152882524653,1.5,3.578410454402823,1.3960387091715494,True,[],4.242640687119285,"[{'dx': -0.06973371885750006, 'dy': -0.02885483416744822, 'scale': 1.1051220691210986, 'bkg': -1.8035070681059542, 'target_flux_total': 676.0630374845981, 'target_frac_in_aperture': 0.7838903982097015, 'resid_frac': 0.20079915108222868, 'sector': 2}, {'dx': -0.04737928781213937, 'dy': -0.03329489404036028, 'scale': 1.0973761186988928, 'bkg': -1.9398587806102885, 'target_flux_total': 671.3244199897848, 'target_frac_in_aperture': 0.7521584234845321, 'resid_frac': 0.17877451805804284, 'sector': 3}, {'dx': 0.008527669642389032, 'dy': -0.05847986558784483, 'scale': 1.1183530605518235, 'bkg': -1.3584630460225533, 'target_flux_total': 684.1571517055751, 'target_frac_in_aperture': 0.700321042917862, 'resid_frac': 0.15294499441396903, 'sector': 4}, {'dx': 0.02694960908028117, 'dy': -0.027312940607396464, 'scale': 1.130513124927873, 'bkg': -0.5241257589894166, 'target_flux_total': 691.5961218318512, 'target_frac_in_aperture': 0.5796493569442202, 'resid_frac': 0.268473680715821, 'sector': 5}, {'dx': 0.016964813161957467, 'dy': -0.01292538398358188, 'scale': 1.1029917507520801, 'bkg': -2.114054963709833, 'target_flux_total': 674.7598063324835, 'target_frac_in_aperture': 0.7124173770801421, 'resid_frac': 0.14928760261013702, 'sector': 6}, {'dx': 0.033467074494686645, 'dy': -0.07905684287710531, 'scale': 1.1208314659213987, 'bkg': -1.5593399695633008, 'target_flux_total': 685.6733265328552, 'target_frac_in_aperture': 0.7581435090670563, 'resid_frac': 0.12176329034907499, 'sector': 7}, {'dx': -0.06991235699482573, 'dy': 0.023146679557365553, 'scale': 1.1645294473798469, 'bkg': -2.4937191826036815, 'target_flux_total': 712.4057490427407, 'target_frac_in_aperture': 0.6595783372598699, 'resid_frac': 0.1564314324068022, 'sector': 9}, {'dx': -0.04831373987143007, 'dy': -0.034610569979503854, 'scale': 1.115848981044951, 'bkg': -2.3087240954246115, 'target_flux_total': 682.6252706176646, 'target_frac_in_aperture': 0.6880223948351961, 'resid_frac': 0.12845594855151293, 'sector': 10}, {'dx': -0.05059062262475007, 'dy': -0.042421651840438036, 'scale': 1.1215626770154656, 'bkg': -2.8761629464219967, 'target_flux_total': 686.1206479710113, 'target_frac_in_aperture': 0.734345089745657, 'resid_frac': 0.13381124262238003, 'sector': 11}, {'dx': 0.04344400614390122, 'dy': -0.07840826508091657, 'scale': 1.1242789777356454, 'bkg': -1.8998446712378323, 'target_flux_total': 687.7823562717666, 'target_frac_in_aperture': 0.7127062935684383, 'resid_frac': 0.15466354017786174, 'sector': 12}, {'dx': 0.04438690490610389, 'dy': -0.0739462403012733, 'scale': 1.0909345555268095, 'bkg': -1.556337885229213, 'target_flux_total': 667.3837668384718, 'target_frac_in_aperture': 0.7262764926276143, 'resid_frac': 0.16403383149961695, 'sector': 13}, {'dx': 0.03368487506415771, 'dy': -0.043839826266806096, 'scale': 1.0689054142518213, 'bkg': -0.5193287347207984, 'target_flux_total': 653.9073477353854, 'target_frac_in_aperture': 0.7621079340738409, 'resid_frac': 0.2043768148492981, 'sector': 27}, {'dx': 0.05437896669752759, 'dy': -0.04426924327896816, 'scale': 1.098448511215457, 'bkg': -2.1544958842804833, 'target_flux_total': 671.9804605869115, 'target_frac_in_aperture': 0.7530062245488127, 'resid_frac': 0.22061829813799566, 'sector': 28}, {'dx': -0.06664124309398697, 'dy': -0.017627173299552452, 'scale': 1.0958516849778008, 'bkg': -1.335913397242173, 'target_flux_total': 670.3918412994099, 'target_frac_in_aperture': 0.7460536754953973, 'resid_frac': 0.23550473618225487, 'sector': 29}, {'dx': -0.04508703607176706, 'dy': -0.09501088724289272, 'scale': 1.112709734375116, 'bkg': -1.9644483105827868, 'target_flux_total': 680.7048233672446, 'target_frac_in_aperture': 0.7274545041498033, 'resid_frac': 0.162597437092428, 'sector': 30}, {'dx': -0.014233823239366065, 'dy': -0.02722052582551506, 'scale': 1.113670089808814, 'bkg': -1.4769116774801314, 'target_flux_total': 681.2923248113947, 'target_frac_in_aperture': 0.7180887929388496, 'resid_frac': 0.17350035135058295, 'sector': 31}, {'dx': 0.02344589162567342, 'dy': -0.01640186956698912, 'scale': 1.0875432673532244, 'bkg': -0.8604059079037979, 'target_flux_total': 665.3091321463577, 'target_frac_in_aperture': 0.6666380575883668, 'resid_frac': 0.2558445131974, 'sector': 32}, {'dx': 0.00770244653373569, 'dy': -0.07999581732692404, 'scale': 1.0909472694959295, 'bkg': -1.4970566535582726, 'target_flux_total': 667.3915446621367, 'target_frac_in_aperture': 0.7566622803720859, 'resid_frac': 0.1804586150030459, 'sector': 33}, {'dx': 0.07764200935547584, 'dy': -0.05059115294761834, 'scale': 1.123362363282418, 'bkg': -1.3963976687404396, 'target_flux_total': 687.2216135549514, 'target_frac_in_aperture': 0.691809672399141, 'resid_frac': 0.1398809392010095, 'sector': 34}, {'dx': -0.006611050012891466, 'dy': -0.025507594482308313, 'scale': 1.1184368973989773, 'bkg': -1.80313597218447, 'target_flux_total': 684.2084392466745, 'target_frac_in_aperture': 0.6900832577125765, 'resid_frac': 0.15828237628898156, 'sector': 35}, {'dx': -0.06338728667642399, 'dy': -0.07453576108109733, 'scale': 1.1077349126448521, 'bkg': -1.5214301368025192, 'target_flux_total': 677.6614554137103, 'target_frac_in_aperture': 0.6534720108995304, 'resid_frac': 0.1473099803321723, 'sector': 36}, {'dx': -0.04610731475916978, 'dy': -0.10354567718583195, 'scale': 1.1493128449517807, 'bkg': -3.1863916647790886, 'target_flux_total': 703.0969290081399, 'target_frac_in_aperture': 0.6517033645449768, 'resid_frac': 0.11391682824930763, 'sector': 37}, {'dx': -0.03470899767776012, 'dy': -0.09326408123352359, 'scale': 1.093629122026084, 'bkg': -2.282894730823382, 'target_flux_total': 669.0321791388909, 'target_frac_in_aperture': 0.6950632245405391, 'resid_frac': 0.1562607085938355, 'sector': 38}, {'dx': 0.03834710050089805, 'dy': -0.06751133131030981, 'scale': 1.1246742286909845, 'bkg': -2.158536057739549, 'target_flux_total': 688.0241526930866, 'target_frac_in_aperture': 0.682127430952606, 'resid_frac': 0.14018809335133026, 'sector': 39}, {'dx': 0.044769695164464655, 'dy': -0.08643160589739605, 'scale': 1.122430081515361, 'bkg': -2.621021446939929, 'target_flux_total': 686.6512862935211, 'target_frac_in_aperture': 0.7460451574115436, 'resid_frac': 0.1313797834887367, 'sector': 87}, {'dx': 0.101536634300702, 'dy': -0.010776080377653343, 'scale': 1.1279226031717502, 'bkg': -1.908110542655467, 'target_flux_total': 690.0113593372363, 'target_frac_in_aperture': 0.6517251266852275, 'resid_frac': 0.11951394513121964, 'sector': 88}, {'dx': 0.10180992243851866, 'dy': -0.01590884639932914, 'scale': 1.1057929275857532, 'bkg': -2.267172520760789, 'target_flux_total': 676.4734379498583, 'target_frac_in_aperture': 0.7526860974130071, 'resid_frac': 0.1410623434595304, 'sector': 89}, {'dx': -0.10315592689656834, 'dy': -0.02696510251599636, 'scale': 1.1077330495047513, 'bkg': -1.6717513337549907, 'target_flux_total': 677.6603156299788, 'target_frac_in_aperture': 0.6607056324372387, 'resid_frac': 0.14018660343002434, 'sector': 90}, {'dx': 0.009968257593000922, 'dy': -0.05333567487489698, 'scale': 1.1378991546682258, 'bkg': -1.4035187301959893, 'target_flux_total': 696.1145563475836, 'target_frac_in_aperture': 0.6994884371904427, 'resid_frac': 0.1449440930334479, 'sector': 93}, {'dx': 0.02510635296720653, 'dy': -0.004291602818101833, 'scale': 1.1164629716118557, 'bkg': -1.8442652663321797, 'target_flux_total': 683.0008819091652, 'target_frac_in_aperture': 0.6697406602387783, 'resid_frac': 0.17197956727895328, 'sector': 94}, {'dx': -0.06109064196682713, 'dy': 0.014767753652187058, 'scale': 1.0824215183311114, 'bkg': -2.0052286986996655, 'target_flux_total': 662.1758808089038, 'target_frac_in_aperture': 0.719004428976521, 'resid_frac': 0.17130291818172305, 'sector': 95}, {'dx': -0.07206003935184088, 'dy': -0.025338703465016273, 'scale': 1.0926794377025073, 'bkg': -1.505282814911401, 'target_flux_total': 668.4512057908884, 'target_frac_in_aperture': 0.6824473521852049, 'resid_frac': 0.18280791576713976, 'sector': 96}]","[{'half': 'odd sectors', 'offset_east': -3.0, 'offset_north': 5.0, 'offset_err_total_arcsec': 4.5566181028010435, 'target_sigma_total': 1.78853528749487, 'chi2_red': 1.047786037844024, 'n_sectors': 16}, {'half': 'even sectors', 'offset_east': -2.0, 'offset_north': 1.0, 'offset_err_total_arcsec': 4.268054526983443, 'target_sigma_total': 0.4192039916968838, 'chi2_red': 1.07471003351263, 'n_sectors': 16}]",,,,,,,,,,,,
149390648,5.830951894845301,,,5.046265044040321,1.2078070482094043,1.099299295402797,,,,,,TIC149390648_inject_target,injection,,,,,,2.964540414958421,,,,1.0545697891627486,True,,5.830951894845301,,,target,4.7576565335945e+18,1.0994938005336448,13.473785796308029,,4.7576565335945e+18,True,1.2078070482094043,2.964540414958421,1.0545697891627486,,
149390648,14.422205101855956,,,4.686510657907603,3.157974209587824,1.0995650656727027,,,,,,TIC149390648_inject_4757656533594500352,injection,,,,,,12.889683294059406,,,,2.7809602264257203,True,,1.8313052309121998,,,neighbour,4.7576565335945e+18,15.880438094701955,17.351863937990842,0.02774401956281199,4.7576565335945e+18,True,0.16710433587224824,0.28476845989211486,0.1368836395063122,,
149390648,35.608987629529715,,,0.5641895835477563,31.02823668905531,1.0995310280218693,,,,,,TIC149390648_inject_4757656598015657728,injection,,,,,,970.0749220513869,,,,7.202105878131223,True,,0.392074832773149,,,neighbour,4.757656598015658e+18,37.09286586608268,17.186189201390114,0.08713854377088953,4.757656598015658e+18,True,0.3990752551643121,0.7425976949225042,0.026725435513722733,,
149390648,37.8021163428716,,,0.7978845608028654,33.03240556641139,1.1005180972939563,,,,,,TIC149390648_inject_4757656494936417152,injection,,,,,,1098.5882071070812,,,,10.738770120763157,True,,0.3570852039498218,,,neighbour,4.757656494936417e+18,36.81088725954252,18.437494477026185,0.24976200165099519,4.757656494936417e+18,True,0.0,0.0,0.0,,
219875976,1.4142135623730951,-1.0,-1.0,2.326213245840639,0.47827161988732936,1.2148397438131056,1.4575406928187518,0.14706708700242502,1.4983534824114955,30.0,57.0,TOI-5728b,planet,11.497516105440395,943.0934524409904,1.6371845003664184e+18,2.749035087911884,True,0.9162864279240195,0.972761574573806,1.5,3.252207277664338,0.2649458217592737,True,[],1.4142135623730951,"[{'dx': -0.012345012914070749, 'dy': -0.08194929544790866, 'scale': 1.1739916250293867, 'bkg': 0.21522003406009826, 'target_flux_total': 1617.8712158566584, 'target_frac_in_aperture': 0.7220107444654675, 'resid_frac': 0.20595302367689752, 'sector': 14}, {'dx': 0.002050901561660765, 'dy': -0.07613508609494024, 'scale': 1.1524017006220517, 'bkg': 1.104080828923574, 'target_flux_total': 1588.1182631894926, 'target_frac_in_aperture': 0.7956928291317511, 'resid_frac': 0.28345602374634743, 'sector': 15}, {'dx': -0.04532099449063142, 'dy': 0.003756938685446057, 'scale': 1.148680056881921, 'bkg': -0.7977133302779309, 'target_flux_total': 1582.9894870087599, 'target_frac_in_aperture': 0.6882428546333346, 'resid_frac': 0.10945946027633857, 'sector': 17}, {'dx': -0.05823568604617236, 'dy': -0.03949852929685355, 'scale': 1.146718338984115, 'bkg': -0.30324034081447265, 'target_flux_total': 1580.2860546734464, 'target_frac_in_aperture': 0.8061913329280236, 'resid_frac': 0.11270329152780989, 'sector': 18}, {'dx': 0.055195334214454224, 'dy': -0.05279885790812422, 'scale': 1.1288036915068589, 'bkg': 0.4352050087710614, 'target_flux_total': 1555.5979803484306, 'target_frac_in_aperture': 0.7786372635975864, 'resid_frac': 0.20856814197062862, 'sector': 19}, {'dx': 0.053109358326026, 'dy': -0.04405548080921834, 'scale': 1.1598534507999398, 'bkg': -0.7740560570374262, 'target_flux_total': 1598.3874779466746, 'target_frac_in_aperture': 0.78280649435967, 'resid_frac': 0.10644469342139108, 'sector': 20}, {'dx': 0.04304947213344347, 'dy': -0.0649350616122103, 'scale': 1.1679184129468179, 'bkg': -0.629536591697595, 'target_flux_total': 1609.501756648689, 'target_frac_in_aperture': 0.6842473470782753, 'resid_frac': 0.10606114114312258, 'sector': 21}, {'dx': -0.07646144481041832, 'dy': -0.011996407267138786, 'scale': 1.1595757073314699, 'bkg': 0.05184949922112194, 'target_flux_total': 1598.0047212442846, 'target_frac_in_aperture': 0.7147615260070495, 'resid_frac': 0.277192813728359, 'sector': 23}, {'dx': -0.05788017766087294, 'dy': -0.12246369951876292, 'scale': 1.1441335924175304, 'bkg': -1.6564502169114435, 'target_flux_total': 1576.7240300548665, 'target_frac_in_aperture': 0.7921058032962299, 'resid_frac': 0.17938497786345056, 'sector': 24}, {'dx': -0.0385298397065023, 'dy': -0.038395123867190545, 'scale': 1.1471553880243466, 'bkg': -1.4805743089002767, 'target_flux_total': 1580.8883494829097, 'target_frac_in_aperture': 0.7786315843686648, 'resid_frac': 0.17373128949135072, 'sector': 25}, {'dx': -0.027421997308170947, 'dy': -0.04501488840359773, 'scale': 1.1405724120641036, 'bkg': 1.50430832866364, 'target_flux_total': 1571.8163875594278, 'target_frac_in_aperture': 0.7103764165169909, 'resid_frac': 0.38747441056701076, 'sector': 40}, {'dx': -0.012727271892879923, 'dy': -0.031231302108861318, 'scale': 1.1586340925910683, 'bkg': 1.2308206411175748, 'target_flux_total': 1596.707087298315, 'target_frac_in_aperture': 0.7529512445017927, 'resid_frac': 0.26015481075694974, 'sector': 41}, {'dx': 0.025809976280517278, 'dy': -0.051017761988057034, 'scale': 1.1589570139319514, 'bkg': -0.7865028363723119, 'target_flux_total': 1597.1521033710553, 'target_frac_in_aperture': 0.6980541755314608, 'resid_frac': 0.1221025649175484, 'sector': 47}, {'dx': 0.004648907404677265, 'dy': -0.035489169907278274, 'scale': 1.1626972416925367, 'bkg': -0.9061625964305458, 'target_flux_total': 1602.306490085226, 'target_frac_in_aperture': 0.7583327351089243, 'resid_frac': 0.10462870587191964, 'sector': 48}, {'dx': -0.030682719140368957, 'dy': -0.04890552745518927, 'scale': 1.1516972237220275, 'bkg': 0.049928385925444206, 'target_flux_total': 1587.1474275595906, 'target_frac_in_aperture': 0.7553975891121643, 'resid_frac': 0.17582764413803148, 'sector': 49}, {'dx': -0.10802802570558352, 'dy': -0.03009386999133225, 'scale': 1.1695737139253914, 'bkg': 0.09404791840945133, 'target_flux_total': 1611.7829175613545, 'target_frac_in_aperture': 0.7955203128599879, 'resid_frac': 0.21118435182273934, 'sector': 50}, {'dx': -0.05351358141168484, 'dy': 0.031128636818242666, 'scale': 1.1645837575723141, 'bkg': 0.20206323259020184, 'target_flux_total': 1604.9062869449965, 'target_frac_in_aperture': 0.7065381365041803, 'resid_frac': 0.15696306625591247, 'sector': 51}, {'dx': -0.06372475878288189, 'dy': -0.0961068710208669, 'scale': 1.135480149471696, 'bkg': 0.16179606264400165, 'target_flux_total': 1564.7987692935105, 'target_frac_in_aperture': 0.7980304989045851, 'resid_frac': 0.22597948349592129, 'sector': 52}, {'dx': 0.014197106558448636, 'dy': -0.1163532113982519, 'scale': 1.161239377091732, 'bkg': -0.07017786922472746, 'target_flux_total': 1600.2974151276433, 'target_frac_in_aperture': 0.8291488657902413, 'resid_frac': 0.14514523529069842, 'sector': 54}, {'dx': -0.009648840421337363, 'dy': -0.05846973694785496, 'scale': 1.1686937805375937, 'bkg': -0.17132605298731962, 'target_flux_total': 1610.5702863384072, 'target_frac_in_aperture': 0.7711277804168035, 'resid_frac': 0.1390956081467329, 'sector': 55}, {'dx': 0.0558427178097907, 'dy': -0.10492678182753504, 'scale': 1.1360335347113004, 'bkg': -0.31614425507414057, 'target_flux_total': 1565.5613863610843, 'target_frac_in_aperture': 0.7976412826084673, 'resid_frac': 0.1385308881246801, 'sector': 73}, {'dx': 0.0071915487245740655, 'dy': -0.13316969208542725, 'scale': 1.1543760372882947, 'bkg': -0.8867758106166125, 'target_flux_total': 1590.83908537819, 'target_frac_in_aperture': 0.734610723710296, 'resid_frac': 0.09124245274534486, 'sector': 74}, {'dx': -0.00843084184221396, 'dy': -0.1643505005899554, 'scale': 1.151657922081418, 'bkg': -0.38913431858419584, 'target_flux_total': 1587.0932661910404, 'target_frac_in_aperture': 0.7275315045199342, 'resid_frac': 0.09999400608835653, 'sector': 75}, {'dx': -0.06025395805130475, 'dy': -0.17266466622935575, 'scale': 1.1310994319884675, 'bkg': 0.31528491691758376, 'target_flux_total': 1558.7617273165392, 'target_frac_in_aperture': 0.724696160163678, 'resid_frac': 0.17619977273402945, 'sector': 76}, {'dx': -0.09617519209143456, 'dy': -0.16873809101252127, 'scale': 1.1670933842935773, 'bkg': 1.3130352652360835, 'target_flux_total': 1608.364789329777, 'target_frac_in_aperture': 0.713225254061124, 'resid_frac': 0.24850848720111865, 'sector': 77}, {'dx': -0.07856708920542484, 'dy': -0.09526012371727112, 'scale': 1.1830801141977612, 'bkg': 1.7434225064457163, 'target_flux_total': 1630.396011355749, 'target_frac_in_aperture': 0.7202049351661886, 'resid_frac': 0.23699873845193153, 'sector': 78}, {'dx': -0.03485161969117494, 'dy': 0.007457724690899477, 'scale': 1.1501843781123673, 'bkg': 0.33291629399051786, 'target_flux_total': 1585.0625835847936, 'target_frac_in_aperture': 0.7020526886072951, 'resid_frac': 0.22025968692068026, 'sector': 79}, {'dx': -0.013288123307775844, 'dy': -0.060092615646435886, 'scale': 1.153339701613788, 'bkg': 0.8479485235889058, 'target_flux_total': 1589.4109170488734, 'target_frac_in_aperture': 0.7611888656561802, 'resid_frac': 0.2342810005814377, 'sector': 81}, {'dx': -0.1028295787841338, 'dy': -0.01105321689821447, 'scale': 1.1503540953357663, 'bkg': 4.300896972308398, 'target_flux_total': 1585.2964699300778, 'target_frac_in_aperture': 0.7906406767459166, 'resid_frac': 0.12874077999740124, 'sector': 84}, {'dx': 0.057305147608142835, 'dy': -0.06361491756108052, 'scale': 1.126686784284511, 'bkg': -0.461087717746847, 'target_flux_total': 1552.6806824830476, 'target_frac_in_aperture': 0.7977834876926695, 'resid_frac': 0.1606931946284221, 'sector': 86}]",,,,,,,,,,,,,
219875976,6.0,,,3.826519928662906,1.636395866837821,1.236026620377636,,,,,,TOI-5728b_inject_target,injection,,,,,,4.5703399671328935,,,,1.3265389714198141,True,,6.0,,,target,1.6371845003664184e+18,2.749035087911884,12.592030773609656,,1.6371845003664184e+18,True,1.636395866837821,4.5703399671328935,1.3265389714198141,,
219875976,53.665631459994955,,,0.5641895835477563,37.0,1.2538094272067635,,,,,,TOI-5728b_inject_1637184534726157440,injection,,,,,,27195.84091580095,,,,37.0,True,,0.5711762860918348,,,neighbour,1.6371845347261573e+18,56.254289741534706,15.811108850048553,0.21031666123581277,1.6371845347261573e+18,True,0.0,0.0,0.0,,
219875976,40.311288741492746,,,0.5641895835477563,37.0,1.2373772690737022,,,,,,TOI-5728b_inject_1637184534726157184,injection,,,,,,5486.379898704811,,,,17.670665800397536,True,,0.12855257657318542,,,neighbour,1.6371845347261573e+18,44.05224805232854,16.79573498277188,0.24372152463963445,1.6371845347261573e+18,True,0.0,0.0,0.0,,
219875976,11.0,,,3.6125759969217834,3.3312790494365228,1.2362829929166397,,,,,,TOI-5728b_inject_1637184500366418560,injection,,,,,,14.106767171445616,,,,2.7271458897987286,True,,3.3879039929928214,,,neighbour,1.6371845003664184e+18,13.438276202764378,18.702442231390016,0.2803556309008749,1.6371845003664184e+18,True,1.0268032162116614,2.3780821153233287,0.7949915330979522,,
259233660,4.47213595499958,4.0,2.0,1.7841241161527712,2.8590999753772253,1.0094641200152563,0.5073134461062891,0.034896263882218816,0.5150992571149127,33.0,1572.0,TOI-6000b,planet,0.4489574951304652,653.1945625172557,2.261062378812853e+18,0.22371502812186947,True,10.922402759105266,0.9848848335518243,1.5,2.8894087584843975,1.535516859693113,True,[],4.47213595499958,"[{'dx': 0.018784317233186496, 'dy': -0.026060342728496007, 'scale': 1.0205677097856864, 'bkg': 0.38370920056708535, 'target_flux_total': 756.7870063560582, 'target_frac_in_aperture': 0.6458961720401183, 'resid_frac': 0.16671338837505822, 'sector': 14}, {'dx': 0.008639258183972215, 'dy': 0.020815459354361947, 'scale': 1.053014538390564, 'bkg': -1.6658288258928593, 'target_flux_total': 780.8474758870703, 'target_frac_in_aperture': 0.6907526164809653, 'resid_frac': 0.08472747971455015, 'sector': 15}, {'dx': 0.01028132904404214, 'dy': 0.038068086002145764, 'scale': 1.0501946530111954, 'bkg': -1.3677460523011833, 'target_flux_total': 778.7564312713557, 'target_frac_in_aperture': 0.6948692175893836, 'resid_frac': 0.11384438754540147, 'sector': 16}, {'dx': -0.018914709116430246, 'dy': -0.03544304413851155, 'scale': 1.0543902588544232, 'bkg': 0.2328695788050066, 'target_flux_total': 781.8676212056454, 'target_frac_in_aperture': 0.7725415887993881, 'resid_frac': 0.1335226920625535, 'sector': 17}, {'dx': 0.002758302526902298, 'dy': 0.060936750401304786, 'scale': 1.0719482883148346, 'bkg': -1.0578009263717965, 'target_flux_total': 794.8875202534475, 'target_frac_in_aperture': 0.6548335987362467, 'resid_frac': 0.08127833455243418, 'sector': 18}, {'dx': 0.038765458588367586, 'dy': 0.002328028014319759, 'scale': 1.0649028258257536, 'bkg': -0.2553076506966884, 'target_flux_total': 789.6630609506686, 'target_frac_in_aperture': 0.734050252682624, 'resid_frac': 0.11724581691300653, 'sector': 19}, {'dx': 0.005909542749827623, 'dy': 0.02435277868635654, 'scale': 1.0610424290281169, 'bkg': 0.9670951094798453, 'target_flux_total': 786.8004403642859, 'target_frac_in_aperture': 0.7341391337692995, 'resid_frac': 0.13796336194952477, 'sector': 20}, {'dx': -0.0280608332267998, 'dy': -0.001955576138938582, 'scale': 1.0623666105309069, 'bkg': -0.33445082045147656, 'target_flux_total': 787.7823677227157, 'target_frac_in_aperture': 0.7187766008905021, 'resid_frac': 0.10644801176653644, 'sector': 21}, {'dx': -0.02959504143341123, 'dy': 0.01166508263614522, 'scale': 1.0719401065118277, 'bkg': -1.680823146652635, 'target_flux_total': 794.8814531575118, 'target_frac_in_aperture': 0.7409449854752744, 'resid_frac': 0.10739962746692194, 'sector': 22}, {'dx': -0.0073545128124004044, 'dy': -0.05659665124985383, 'scale': 1.0638908595825718, 'bkg': -0.3466729290083033, 'target_flux_total': 788.9126522356294, 'target_frac_in_aperture': 0.6990842164367804, 'resid_frac': 0.15045055060099632, 'sector': 23}, {'dx': -0.02487694107626541, 'dy': -0.03723385076429141, 'scale': 1.0938038861682529, 'bkg': -3.4723868561700044, 'target_flux_total': 811.0942180678273, 'target_frac_in_aperture': 0.67630860699997, 'resid_frac': 0.14726137704020367, 'sector': 24}, {'dx': 0.02956633572834627, 'dy': 0.03765292244394347, 'scale': 1.0890880672559626, 'bkg': -5.300573654716088, 'target_flux_total': 807.5972717673228, 'target_frac_in_aperture': 0.7134058980958609, 'resid_frac': 0.10828446674478753, 'sector': 25}, {'dx': -0.030220220775776265, 'dy': -0.034794581972550614, 'scale': 1.0650549447499549, 'bkg': -3.333707663242275, 'target_flux_total': 789.7758625062662, 'target_frac_in_aperture': 0.7110633125508383, 'resid_frac': 0.23980715149825346, 'sector': 26}, {'dx': -0.016689066843902305, 'dy': -0.05599197574108868, 'scale': 1.035773121100067, 'bkg': 1.852268363644242, 'target_flux_total': 768.0623559469628, 'target_frac_in_aperture': 0.699276644865205, 'resid_frac': 0.2918192075923007, 'sector': 40}, {'dx': -0.018078581913170452, 'dy': -0.0308791369249947, 'scale': 1.0763287533948274, 'bkg': -0.6867834614419415, 'target_flux_total': 798.135789841588, 'target_frac_in_aperture': 0.6456531737837501, 'resid_frac': 0.13487667799496542, 'sector': 47}, {'dx': -0.006473606165556261, 'dy': -0.023120547905153853, 'scale': 1.065440994852726, 'bkg': -1.1257140837025663, 'target_flux_total': 790.0621322939326, 'target_frac_in_aperture': 0.675289154073407, 'resid_frac': 0.08378199934513628, 'sector': 48}, {'dx': -0.008207038469071788, 'dy': -0.007882124003499445, 'scale': 1.0831186504815724, 'bkg': -0.9247904897048025, 'target_flux_total': 803.1707383711888, 'target_frac_in_aperture': 0.7390992760578287, 'resid_frac': 0.09715739962603454, 'sector': 49}, {'dx': 0.005667312137013252, 'dy': -0.061135282328030144, 'scale': 0.9923490084239285, 'bkg': 0.11296362467290962, 'target_flux_total': 735.8618425261101, 'target_frac_in_aperture': 0.6723283072552247, 'resid_frac': 0.20750086830527867, 'sector': 51}, {'dx': 0.05544431216856991, 'dy': -0.03398896348734677, 'scale': 1.1030628328360559, 'bkg': -0.9787027376832396, 'target_flux_total': 817.9600540761099, 'target_frac_in_aperture': 0.6699651115028002, 'resid_frac': 0.11217333919577734, 'sector': 52}, {'dx': -0.031562648339216876, 'dy': -0.009802407442736914, 'scale': 1.0634486376789014, 'bkg': 0.5407207019364216, 'target_flux_total': 788.5847290734375, 'target_frac_in_aperture': 0.673670506338689, 'resid_frac': 0.17527570615092158, 'sector': 53}, {'dx': 0.03304372505760081, 'dy': 0.03948700082257377, 'scale': 1.0229171716419787, 'bkg': 1.0446513714901908, 'target_flux_total': 758.5292153126246, 'target_frac_in_aperture': 0.6575946924489436, 'resid_frac': 0.1858574336374219, 'sector': 54}, {'dx': 0.027134645241069313, 'dy': -0.05646564835473521, 'scale': 1.0230539900342746, 'bkg': -0.6664223913186068, 'target_flux_total': 758.6306709833531, 'target_frac_in_aperture': 0.7289549348310668, 'resid_frac': 0.11399364942817741, 'sector': 55}, {'dx': 0.0003001700941890668, 'dy': -0.012993795323304563, 'scale': 1.0559657968127802, 'bkg': 1.5844988290217659, 'target_flux_total': 783.0359382545513, 'target_frac_in_aperture': 0.7472983585173358, 'resid_frac': 0.14738994781268824, 'sector': 73}, {'dx': 0.012299702546421045, 'dy': 0.03213255664557049, 'scale': 1.0745577432981863, 'bkg': 0.6843924551933585, 'target_flux_total': 796.8225232974752, 'target_frac_in_aperture': 0.7169298152313696, 'resid_frac': 0.11466616101649077, 'sector': 74}, {'dx': 0.010796714618467129, 'dy': -0.012749734734909559, 'scale': 1.0731011716069976, 'bkg': -0.438999506874196, 'target_flux_total': 795.7424239379244, 'target_frac_in_aperture': 0.6403509197132295, 'resid_frac': 0.08143496712324151, 'sector': 75}, {'dx': -0.003448007557249708, 'dy': 0.02051966359863952, 'scale': 1.0725150805360804, 'bkg': -0.5381916000013942, 'target_flux_total': 795.3078167063234, 'target_frac_in_aperture': 0.7202327367016406, 'resid_frac': 0.09460033617995327, 'sector': 76}, {'dx': -0.014799748756848367, 'dy': -0.028077280286325973, 'scale': 1.0860399956415345, 'bkg': -0.9072835593064218, 'target_flux_total': 805.337018998081, 'target_frac_in_aperture': 0.7309402962288296, 'resid_frac': 0.12910584026382513, 'sector': 78}, {'dx': 0.021104251028170186, 'dy': 0.01900353440170041, 'scale': 1.0318622499199568, 'bkg': 0.7628973780917225, 'target_flux_total': 765.1623068230676, 'target_frac_in_aperture': 0.6270877445509025, 'resid_frac': 0.12957218874684465, 'sector': 81}, {'dx': 0.03545699551340464, 'dy': -0.036007957885626427, 'scale': 1.052310135385622, 'bkg': -0.9657863878411638, 'target_flux_total': 780.3251361772531, 'target_frac_in_aperture': 0.7861635459042351, 'resid_frac': 0.10379353624523385, 'sector': 82}, {'dx': 0.03702099351218675, 'dy': -0.05441720642687665, 'scale': 1.0145502158524105, 'bkg': 1.7989112137150438, 'target_flux_total': 752.324822048379, 'target_frac_in_aperture': 0.7778026182238867, 'resid_frac': 0.21110744185194866, 'sector': 83}, {'dx': 0.0048411345118123715, 'dy': -0.023277865677150348, 'scale': 1.0691641165720809, 'bkg': 0.8808623454343912, 'target_flux_total': 792.8229585607969, 'target_frac_in_aperture': 0.6630896814624686, 'resid_frac': 0.16391414226849368, 'sector': 84}, {'dx': 0.0005219519255134014, 'dy': -0.022885335758582814, 'scale': 1.0517270755663761, 'bkg': 0.3973172167840614, 'target_flux_total': 779.8927767258393, 'target_frac_in_aperture': 0.7287742640614736, 'resid_frac': 0.08826919640508285, 'sector': 85}, {'dx': 0.0032567823771677286, 'dy': -0.017691719326499586, 'scale': 1.0534187195982392, 'bkg': -1.0470721371198057, 'target_flux_total': 781.1471905294688, 'target_frac_in_aperture': 0.7457830014923961, 'resid_frac': 0.08186156619317714, 'sector': 86}]",,,,,,,,,,,,,
259233660,123.98790263570072,,,2.876813695875796,6.881991137841385,3.3900497891410946,,,,,,TOI-6000b_inject_target,injection,,,,,,51.711402541203945,,,,5.290507425972806,False,,123.98790263570072,,,target,2.261062378812853e+18,0.22371502812186947,13.264898538950904,,2.261062378812853e+18,True,6.881991137841385,51.711402541203945,5.290507425972806,,
259233660,24.08318915758459,,,2.1850968611841584,11.78601978053956,3.432816059041913,,,,,,TOI-6000b_inject_2261062378812853888,injection,,,,,,144.30982052383436,,,,8.04154928896741,False,,2.0706165997250907,,,neighbour,2.2610623788128538e+18,23.955526916225207,14.857920410871289,0.004731891629798711,2.2610623788128538e+18,True,0.8412957598109461,1.8316703439240558,0.4619802615269088,,
259233660,40.0,,,0.7978845608028654,37.0,3.433889582824967,,,,,,TOI-6000b_inject_2261062172654423936,injection,,,,,,1629.066314423131,,,,13.157686797184125,False,,0.29296455407132327,,,neighbour,2.261062172654424e+18,39.42169801293148,16.959633300836202,0.08029839361718313,2.261062172654424e+18,True,0.21893016677258684,0.38061605560942796,0.02590159181538299,,
259233660,52.32590180780452,,,0.5641895835477563,37.0,3.4523195497942805,,,,,,TOI-6000b_inject_2261056503297591552,injection,,,,,,22340.56687679591,,,,35.90448694175244,False,,0.6113793268995984,,,neighbour,2.2610565032975916e+18,52.10406494726548,15.47676894958514,0.08066321392330361,2.2610565032975916e+18,True,0.0,0.0,0.0,,
364074068,3.1622776601683795,-3.0,-1.0,1.4927053303604616,2.743637133895429,1.2004962381842796,2.0871082909117966,0.11490252112861253,2.0901891259987004,20.0,143.0,TOI-1756b,planet,2.7830176533831037,943.3218646840043,2.2905537202117053e+18,0.8574450456663811,True,10.20672973460566,0.9985260496054721,1.5,2.7191456958123768,1.2404125300544466,True,[],3.1622776601683795,"[{'dx': 0.008099710476474044, 'dy': 0.016725858262802627, 'scale': 1.0908910850731568, 'bkg': -0.9877128930241542, 'target_flux_total': 2219.6440691306934, 'target_frac_in_aperture': 0.8686553656602922, 'resid_frac': 0.08936055074130662, 'sector': 17}, {'dx': 0.02151178823641526, 'dy': -0.061537062607947286, 'scale': 1.1178231306135185, 'bkg': -1.4024340349002544, 'target_flux_total': 2274.4428991616605, 'target_frac_in_aperture': 0.8580771772161265, 'resid_frac': 0.07647108919067394, 'sector': 18}, {'dx': 0.01648990403334073, 'dy': -0.015017425779808755, 'scale': 1.094761082615602, 'bkg': -1.3963347751838289, 'target_flux_total': 2227.5183814338898, 'target_frac_in_aperture': 0.7706030393374417, 'resid_frac': 0.06569234977608016, 'sector': 19}, {'dx': 0.061642081139368934, 'dy': -0.09879752242547875, 'scale': 1.0850808598947428, 'bkg': -4.64574677641329, 'target_flux_total': 2207.8219614665577, 'target_frac_in_aperture': 0.7844465904667, 'resid_frac': 0.11911295206044523, 'sector': 24}, {'dx': -0.05713256746913389, 'dy': 0.010551620817785651, 'scale': 1.0799708632761402, 'bkg': 0.7602768522367983, 'target_flux_total': 2197.4246139742568, 'target_frac_in_aperture': 0.7577814182666509, 'resid_frac': 0.10820608540672351, 'sector': 40}, {'dx': 0.032625112010198465, 'dy': -7.242705970996221e-05, 'scale': 1.0764323066660948, 'bkg': 8.175561146759406, 'target_flux_total': 2190.2246869602377, 'target_frac_in_aperture': 0.8016231872246538, 'resid_frac': 0.17453205064092842, 'sector': 50}, {'dx': -0.017011876548192677, 'dy': 0.002828740978916949, 'scale': 1.0899199762546177, 'bkg': -0.11369348353276178, 'target_flux_total': 2217.668146915318, 'target_frac_in_aperture': 0.7358085608300875, 'resid_frac': 0.12365878798007655, 'sector': 52}, {'dx': -0.010716199042203585, 'dy': 0.0028062405770718844, 'scale': 1.0804009555766418, 'bkg': 0.3637484792176724, 'target_flux_total': 2198.2997259236067, 'target_frac_in_aperture': 0.7906706010350066, 'resid_frac': 0.1439019680900037, 'sector': 53}, {'dx': 0.06588458264852497, 'dy': 0.039559287244760204, 'scale': 1.1015519080627814, 'bkg': -0.45048863936438627, 'target_flux_total': 2241.3357236365923, 'target_frac_in_aperture': 0.8129577124205843, 'resid_frac': 0.12912941049132554, 'sector': 57}, {'dx': -0.0035531480400470936, 'dy': -0.010730345957988016, 'scale': 1.1172736186128143, 'bkg': 0.1003289196268125, 'target_flux_total': 2273.3248030749214, 'target_frac_in_aperture': 0.8162606707265492, 'resid_frac': 0.08390098008824481, 'sector': 58}, {'dx': -0.010138202693952839, 'dy': -0.014089131764637573, 'scale': 1.0909800987346312, 'bkg': -1.7915837954132716, 'target_flux_total': 2219.825185878705, 'target_frac_in_aperture': 0.8145190735541739, 'resid_frac': 0.0963447843149439, 'sector': 59}, {'dx': -0.0342941551092657, 'dy': 0.01659635052288143, 'scale': 1.0818409026147584, 'bkg': -0.37187948001015103, 'target_flux_total': 2201.229596693248, 'target_frac_in_aperture': 0.8351049453162975, 'resid_frac': 0.10771358063691527, 'sector': 60}, {'dx': 0.0010655414472125766, 'dy': 0.02183665283632153, 'scale': 1.088059248338295, 'bkg': -0.8427307644419513, 'target_flux_total': 2213.882110215371, 'target_frac_in_aperture': 0.8097227030791236, 'resid_frac': 0.08488412399741252, 'sector': 73}, {'dx': 0.03785815661209535, 'dy': -0.024913679517069985, 'scale': 1.0638054481704737, 'bkg': 0.18487389597805926, 'target_flux_total': 2164.532725631506, 'target_frac_in_aperture': 0.7520005976929404, 'resid_frac': 0.17020491736635363, 'sector': 77}, {'dx': -0.0065258234331640255, 'dy': -0.03104863635462636, 'scale': 1.0772471515604551, 'bkg': -0.6429698322473667, 'target_flux_total': 2191.882657826236, 'target_frac_in_aperture': 0.7828094259024778, 'resid_frac': 0.11662089954355755, 'sector': 78}, {'dx': -0.016678759980072844, 'dy': -0.05633418205375597, 'scale': 1.1004943468336221, 'bkg': -0.31006761593337284, 'target_flux_total': 2239.1838960690507, 'target_frac_in_aperture': 0.7481239158712409, 'resid_frac': 0.08094602020458101, 'sector': 79}, {'dx': -0.0012256673427665365, 'dy': 0.020823483785775726, 'scale': 1.0541374476545606, 'bkg': 0.9912354869193187, 'target_flux_total': 2144.8611742739663, 'target_frac_in_aperture': 0.774745523973619, 'resid_frac': 0.22891895926425931, 'sector': 80}, {'dx': -0.013837137724474532, 'dy': 0.010945552104419684, 'scale': 1.084943106608144, 'bkg': -0.7649207958521969, 'target_flux_total': 2207.541673846844, 'target_frac_in_aperture': 0.7808595477298719, 'resid_frac': 0.10323341072938441, 'sector': 84}, {'dx': -0.015375524797608928, 'dy': -0.015608407686761645, 'scale': 1.102791513795882, 'bkg': -1.203434349159051, 'target_flux_total': 2243.857958487703, 'target_frac_in_aperture': 0.8525805614104655, 'resid_frac': 0.07337202008168439, 'sector': 85}, {'dx': 0.0014484849003099753, 'dy': 0.00400023038945208, 'scale': 1.0930251974633223, 'bkg': -0.5386066454318011, 'target_flux_total': 2223.9863632189904, 'target_frac_in_aperture': 0.7797050813943214, 'resid_frac': 0.07770208904605545, 'sector': 86}]",,,,,,,,,,,,,
364074068,1.4142135623730951,,,1.7841241161527712,0.7860176864175045,1.3795648980688633,,,,,,TOI-1756b_inject_target,injection,,,,,,1.6793209464362278,,,,0.35038529112631484,True,,1.4142135623730951,,,target,2.2905537202117053e+18,0.8574450456663811,12.168973282328016,,2.2905537202117053e+18,True,0.7860176864175045,1.6793209464362278,0.35038529112631484,,
364074068,46.14108798023731,,,0.7978845608028654,37.0,1.3852724835587193,,,,,,TOI-1756b_inject_2290553715914294144,injection,,,,,,16060.584090718292,,,,37.0,True,,0.5659509247668865,,,neighbour,2.2905537159142943e+18,44.99717666737292,16.6974529694026,0.323678482900282,2.2905537159142943e+18,True,0.0,0.0,0.0,,
150428135,0.0,0.0,0.0,0.5641895835477563,0.0,1.195415894498841,16.53602637955157,0.45532246321572833,16.705842184713937,30.0,46.0,TOI-700c,planet,16.051088263942056,2561.9550299143125,5.284517766615851e+18,3.0668348820625217,True,0.0,0.9898349449680692,1.5,2.3417715511877395,0.0,True,[],0.0,"[{'dx': -0.06480062105013332, 'dy': -0.08082382750804197, 'scale': 1.10183296790152, 'bkg': -2.010715288987723, 'target_flux_total': 6468.439315849687, 'target_frac_in_aperture': 0.8304160058537332, 'resid_frac': 0.3036963055504841, 'sector': 1}, {'dx': 0.0029588208101736916, 'dy': -0.03151163861886287, 'scale': 1.1257495363610597, 'bkg': -2.512841612438005, 'target_flux_total': 6608.8443284338855, 'target_frac_in_aperture': 0.8499650260667153, 'resid_frac': 0.17115947014206678, 'sector': 3}, {'dx': 0.039683357148674596, 'dy': 0.004624802021059032, 'scale': 1.0990072308177405, 'bkg': -1.160348073869234, 'target_flux_total': 6451.850495782173, 'target_frac_in_aperture': 0.8601487731243694, 'resid_frac': 0.1888142544189179, 'sector': 4}, {'dx': 0.04602605915885289, 'dy': -0.0441017867758701, 'scale': 1.1063579750690273, 'bkg': -1.927895579145971, 'target_flux_total': 6495.003899701767, 'target_frac_in_aperture': 0.883145268635629, 'resid_frac': 0.13807253203010778, 'sector': 5}, {'dx': -0.03301633170618494, 'dy': 0.026519857426691003, 'scale': 1.1166031596047177, 'bkg': -2.357559471913537, 'target_flux_total': 6555.149453864127, 'target_frac_in_aperture': 0.8789875342808057, 'resid_frac': 0.11150369370669191, 'sector': 6}, {'dx': -0.04071233502286256, 'dy': -0.09105453277690012, 'scale': 1.1112658808128748, 'bkg': -1.4560329796021636, 'target_flux_total': 6523.816334432641, 'target_frac_in_aperture': 0.8633636086814767, 'resid_frac': 0.1704158546634035, 'sector': 7}, {'dx': -0.028773469881422882, 'dy': -0.06902513277873693, 'scale': 1.0719115366615455, 'bkg': 5.949985899125195, 'target_flux_total': 6292.782053943867, 'target_frac_in_aperture': 0.8570998935748618, 'resid_frac': 0.3947304483471587, 'sector': 8}, {'dx': 0.016273163072278298, 'dy': -0.09764062241722835, 'scale': 1.1147270840109185, 'bkg': -3.954965856215105, 'target_flux_total': 6544.1357326523275, 'target_frac_in_aperture': 0.8576811809451075, 'resid_frac': 0.12076911974226946, 'sector': 9}, {'dx': 0.02921042183407629, 'dy': -0.06648528424362567, 'scale': 1.1197102536148806, 'bkg': -2.4416454272249437, 'target_flux_total': 6573.3900126773715, 'target_frac_in_aperture': 0.8776620648595441, 'resid_frac': 0.13978355846736998, 'sector': 10}, {'dx': 0.052299452242762154, 'dy': -0.040594359794956514, 'scale': 1.1079428561383344, 'bkg': -2.48702617844932, 'target_flux_total': 6504.308129397468, 'target_frac_in_aperture': 0.8689721023690368, 'resid_frac': 0.1582917574378802, 'sector': 11}, {'dx': -0.0464959173825619, 'dy': -0.04425189571532062, 'scale': 1.0986043433210202, 'bkg': -1.430466182229994, 'target_flux_total': 6449.485297608249, 'target_frac_in_aperture': 0.8759596502084169, 'resid_frac': 0.15484029372066696, 'sector': 13}, {'dx': -0.09016328875264384, 'dy': -0.05338139956850681, 'scale': 1.1354333647360626, 'bkg': 1.2558816933345363, 'target_flux_total': 6665.694375594943, 'target_frac_in_aperture': 0.8774256343137125, 'resid_frac': 0.22737017511897753, 'sector': 27}, {'dx': -0.03247090064401545, 'dy': -0.07576504583968598, 'scale': 1.0929129743408952, 'bkg': 0.5877401264787351, 'target_flux_total': 6416.0734503096855, 'target_frac_in_aperture': 0.8792180753685068, 'resid_frac': 0.19884289071776115, 'sector': 28}, {'dx': 0.02234894153080619, 'dy': -0.03060054955259049, 'scale': 1.1229292528516703, 'bkg': -1.5290515503158195, 'target_flux_total': 6592.287524212715, 'target_frac_in_aperture': 0.8490624940941914, 'resid_frac': 0.21889041618031568, 'sector': 30}, {'dx': 0.05092331138485117, 'dy': -0.03959478160917652, 'scale': 1.1001141090893236, 'bkg': -1.5647403990875386, 'target_flux_total': 6458.348554143418, 'target_frac_in_aperture': 0.8462571895969977, 'resid_frac': 0.18854816442843328, 'sector': 31}, {'dx': -0.06281489190801318, 'dy': -0.07008928195988479, 'scale': 1.1156359657574138, 'bkg': -1.989535622407206, 'target_flux_total': 6549.471429254041, 'target_frac_in_aperture': 0.8543727734306391, 'resid_frac': 0.1210653123482293, 'sector': 33}, {'dx': -0.02028931005776056, 'dy': -0.0624597216267101, 'scale': 1.10170567685854, 'bkg': -1.552952592655031, 'target_flux_total': 6467.692038893058, 'target_frac_in_aperture': 0.8524172767351492, 'resid_frac': 0.1777743066430074, 'sector': 34}, {'dx': 0.008781351763753555, 'dy': -0.0025905301923982438, 'scale': 1.1069686716331872, 'bkg': -1.3130446372126832, 'target_flux_total': 6498.58906531284, 'target_frac_in_aperture': 0.884860809333976, 'resid_frac': 0.144766155477895, 'sector': 35}, {'dx': -0.010632777276696868, 'dy': -0.03293019017650825, 'scale': 1.1571779112750686, 'bkg': -2.730436239356499, 'target_flux_total': 6793.348279440377, 'target_frac_in_aperture': 0.8709517726854911, 'resid_frac': 0.10464005938772786, 'sector': 36}, {'dx': 0.04158649942243344, 'dy': -0.04580864507630985, 'scale': 1.1104474610664463, 'bkg': -1.752921385017556, 'target_flux_total': 6519.0117055833625, 'target_frac_in_aperture': 0.8722003913659377, 'resid_frac': 0.16267325689370413, 'sector': 37}, {'dx': 0.04199421416551611, 'dy': -0.015224692991267485, 'scale': 1.1083440716891728, 'bkg': -2.2515358291027185, 'target_flux_total': 6506.66351221753, 'target_frac_in_aperture': 0.8794494269388492, 'resid_frac': 0.1441444838126836, 'sector': 38}, {'dx': -0.03806085407419434, 'dy': -0.1227298408410727, 'scale': 1.1114588647445203, 'bkg': -0.9644705974204709, 'target_flux_total': 6524.949269176062, 'target_frac_in_aperture': 0.8496830502712089, 'resid_frac': 0.15143500592363607, 'sector': 61}, {'dx': 0.016274202141141468, 'dy': -0.0967912665568192, 'scale': 1.1066455357184781, 'bkg': -1.8027771565834876, 'target_flux_total': 6496.6920581293925, 'target_frac_in_aperture': 0.8465061590459582, 'resid_frac': 0.14072938831127163, 'sector': 62}, {'dx': 0.05687591594453537, 'dy': -0.07318769132109615, 'scale': 1.1053092074437734, 'bkg': -2.275354958299232, 'target_flux_total': 6488.846986686809, 'target_frac_in_aperture': 0.8853161036736762, 'resid_frac': 0.12259612231442132, 'sector': 63}, {'dx': 0.07699958849324086, 'dy': -0.06830903552587157, 'scale': 1.1046251886340064, 'bkg': -1.102446954461738, 'target_flux_total': 6484.831374256638, 'target_frac_in_aperture': 0.8561243099712338, 'resid_frac': 0.19099066987501984, 'sector': 64}, {'dx': 0.09764843597592718, 'dy': -0.061427436627066956, 'scale': 1.105651246304171, 'bkg': -1.5403754520611677, 'target_flux_total': 6490.854965823935, 'target_frac_in_aperture': 0.8661967021951454, 'resid_frac': 0.13921552262864142, 'sector': 65}, {'dx': 0.032627138064333656, 'dy': -0.03131412720036318, 'scale': 1.1297644191982341, 'bkg': -3.4666828460133865, 'target_flux_total': 6632.414167737178, 'target_frac_in_aperture': 0.887085921364798, 'resid_frac': 0.13692939838097654, 'sector': 66}, {'dx': -0.02567668056025138, 'dy': -0.02344513236726841, 'scale': 1.0908718701824525, 'bkg': -0.993272250310967, 'target_flux_total': 6404.090909606298, 'target_frac_in_aperture': 0.8793423033570841, 'resid_frac': 0.17541766055980557, 'sector': 68}, {'dx': -0.050270316770430576, 'dy': -0.0821888424122162, 'scale': 1.1522772069078158, 'bkg': -1.8661101711868973, 'target_flux_total': 6764.578121233123, 'target_frac_in_aperture': 0.8580203029155494, 'resid_frac': 0.15146895245763686, 'sector': 69}, {'dx': -0.02613941600137832, 'dy': -0.07397091521718942, 'scale': 1.1141595667964366, 'bkg': -1.9769862527461723, 'target_flux_total': 6540.804056464087, 'target_frac_in_aperture': 0.8634106478046785, 'resid_frac': 0.12922516178052723, 'sector': 87}, {'dx': 0.008366965033053272, 'dy': -0.01757664640373224, 'scale': 1.091262929989571, 'bkg': -1.1351369446582884, 'target_flux_total': 6406.386671944969, 'target_frac_in_aperture': 0.8601296795070894, 'resid_frac': 0.189434315375675, 'sector': 88}, {'dx': 0.02419081146608784, 'dy': -0.06574968636892249, 'scale': 1.1062183078058212, 'bkg': -1.7901446117072042, 'target_flux_total': 6494.183966696694, 'target_frac_in_aperture': 0.8632342039362303, 'resid_frac': 0.13748513566140919, 'sector': 89}, {'dx': 0.06780939631571382, 'dy': -0.09078921466640022, 'scale': 1.1102177753586058, 'bkg': -2.733515089062199, 'target_flux_total': 6517.663308769902, 'target_frac_in_aperture': 0.8599018374495233, 'resid_frac': 0.11267108014272667, 'sector': 90}, {'dx': 0.03842692513384943, 'dy': -0.004267245756567422, 'scale': 1.1148788374849319, 'bkg': -2.8734946275672337, 'target_flux_total': 6545.026619171629, 'target_frac_in_aperture': 0.8691958408386543, 'resid_frac': 0.11435115736352977, 'sector': 93}, {'dx': -0.01345051743197197, 'dy': -0.023238450154499324, 'scale': 1.1057964521402626, 'bkg': -0.6802844598801816, 'target_flux_total': 6491.707413668961, 'target_frac_in_aperture': 0.8804509472519302, 'resid_frac': 0.23448146819671128, 'sector': 95}, {'dx': -0.008174548717205394, 'dy': -0.03106198360482105, 'scale': 1.113102886368945, 'bkg': -1.5868256795148943, 'target_flux_total': 6534.600690418058, 'target_frac_in_aperture': 0.8552043215545563, 'resid_frac': 0.14383369097707957, 'sector': 96}, {'dx': 0.06993752080916284, 'dy': -0.035111911111114696, 'scale': 1.1198785350194465, 'bkg': -1.8494046876229036, 'target_flux_total': 6574.377928346198, 'target_frac_in_aperture': 0.8974399521518615, 'resid_frac': 0.15926930570927547, 'sector': 97}]",,,,,,,,,,,,,
150428135,0.0,,,0.7978845608028654,0.0,1.0991673268010098,,,,,,TOI-700c_inject_target,injection,,,,,,0.0,,,,0.0,True,,0.0,,,target,5.284517766615851e+18,3.0668348820625217,11.018518784145357,,5.284517766615851e+18,True,0.0,0.0,0.0,,
150428135,4.123105625617661,4.0,-1.0,2.4592453796829674,1.7511598979844176,1.2775068067658615,2.8781898378013824,0.2821265765766184,2.5967918744105885,37.0,81.0,TOI-700b,planet,9.97722326468264,399.09730532931434,5.284517766615851e+18,3.0668348820625217,True,5.053499055746294,1.1083636952825358,1.5,3.348652258634877,1.136019997100211,True,[],4.123105625617661,"[{'dx': -0.06480062105013332, 'dy': -0.08082382750804197, 'scale': 1.10183296790152, 'bkg': -2.010715288987723, 'target_flux_total': 6468.439315849687, 'target_frac_in_aperture': 0.8304160058537332, 'resid_frac': 0.3036963055504841, 'sector': 1}, {'dx': 0.0029588208101736916, 'dy': -0.03151163861886287, 'scale': 1.1257495363610597, 'bkg': -2.512841612438005, 'target_flux_total': 6608.8443284338855, 'target_frac_in_aperture': 0.8499650260667153, 'resid_frac': 0.17115947014206678, 'sector': 3}, {'dx': 0.039683357148674596, 'dy': 0.004624802021059032, 'scale': 1.0990072308177405, 'bkg': -1.160348073869234, 'target_flux_total': 6451.850495782173, 'target_frac_in_aperture': 0.8601487731243694, 'resid_frac': 0.1888142544189179, 'sector': 4}, {'dx': 0.04602605915885289, 'dy': -0.0441017867758701, 'scale': 1.1063579750690273, 'bkg': -1.927895579145971, 'target_flux_total': 6495.003899701767, 'target_frac_in_aperture': 0.883145268635629, 'resid_frac': 0.13807253203010778, 'sector': 5}, {'dx': -0.03301633170618494, 'dy': 0.026519857426691003, 'scale': 1.1166031596047177, 'bkg': -2.357559471913537, 'target_flux_total': 6555.149453864127, 'target_frac_in_aperture': 0.8789875342808057, 'resid_frac': 0.11150369370669191, 'sector': 6}, {'dx': -0.04071233502286256, 'dy': -0.09105453277690012, 'scale': 1.1112658808128748, 'bkg': -1.4560329796021636, 'target_flux_total': 6523.816334432641, 'target_frac_in_aperture': 0.8633636086814767, 'resid_frac': 0.1704158546634035, 'sector': 7}, {'dx': -0.028773469881422882, 'dy': -0.06902513277873693, 'scale': 1.0719115366615455, 'bkg': 5.949985899125195, 'target_flux_total': 6292.782053943867, 'target_frac_in_aperture': 0.8570998935748618, 'resid_frac': 0.3947304483471587, 'sector': 8}, {'dx': 0.016273163072278298, 'dy': -0.09764062241722835, 'scale': 1.1147270840109185, 'bkg': -3.954965856215105, 'target_flux_total': 6544.1357326523275, 'target_frac_in_aperture': 0.8576811809451075, 'resid_frac': 0.12076911974226946, 'sector': 9}, {'dx': 0.02921042183407629, 'dy': -0.06648528424362567, 'scale': 1.1197102536148806, 'bkg': -2.4416454272249437, 'target_flux_total': 6573.3900126773715, 'target_frac_in_aperture': 0.8776620648595441, 'resid_frac': 0.13978355846736998, 'sector': 10}, {'dx': 0.052299452242762154, 'dy': -0.040594359794956514, 'scale': 1.1079428561383344, 'bkg': -2.48702617844932, 'target_flux_total': 6504.308129397468, 'target_frac_in_aperture': 0.8689721023690368, 'resid_frac': 0.1582917574378802, 'sector': 11}, {'dx': -0.0464959173825619, 'dy': -0.04425189571532062, 'scale': 1.0986043433210202, 'bkg': -1.430466182229994, 'target_flux_total': 6449.485297608249, 'target_frac_in_aperture': 0.8759596502084169, 'resid_frac': 0.15484029372066696, 'sector': 13}, {'dx': -0.09016328875264384, 'dy': -0.05338139956850681, 'scale': 1.1354333647360626, 'bkg': 1.2558816933345363, 'target_flux_total': 6665.694375594943, 'target_frac_in_aperture': 0.8774256343137125, 'resid_frac': 0.22737017511897753, 'sector': 27}, {'dx': -0.03247090064401545, 'dy': -0.07576504583968598, 'scale': 1.0929129743408952, 'bkg': 0.5877401264787351, 'target_flux_total': 6416.0734503096855, 'target_frac_in_aperture': 0.8792180753685068, 'resid_frac': 0.19884289071776115, 'sector': 28}, {'dx': 0.02234894153080619, 'dy': -0.03060054955259049, 'scale': 1.1229292528516703, 'bkg': -1.5290515503158195, 'target_flux_total': 6592.287524212715, 'target_frac_in_aperture': 0.8490624940941914, 'resid_frac': 0.21889041618031568, 'sector': 30}, {'dx': 0.05092331138485117, 'dy': -0.03959478160917652, 'scale': 1.1001141090893236, 'bkg': -1.5647403990875386, 'target_flux_total': 6458.348554143418, 'target_frac_in_aperture': 0.8462571895969977, 'resid_frac': 0.18854816442843328, 'sector': 31}, {'dx': -0.06281489190801318, 'dy': -0.07008928195988479, 'scale': 1.1156359657574138, 'bkg': -1.989535622407206, 'target_flux_total': 6549.471429254041, 'target_frac_in_aperture': 0.8543727734306391, 'resid_frac': 0.1210653123482293, 'sector': 33}, {'dx': -0.02028931005776056, 'dy': -0.0624597216267101, 'scale': 1.10170567685854, 'bkg': -1.552952592655031, 'target_flux_total': 6467.692038893058, 'target_frac_in_aperture': 0.8524172767351492, 'resid_frac': 0.1777743066430074, 'sector': 34}, {'dx': 0.008781351763753555, 'dy': -0.0025905301923982438, 'scale': 1.1069686716331872, 'bkg': -1.3130446372126832, 'target_flux_total': 6498.58906531284, 'target_frac_in_aperture': 0.884860809333976, 'resid_frac': 0.144766155477895, 'sector': 35}, {'dx': -0.010632777276696868, 'dy': -0.03293019017650825, 'scale': 1.1571779112750686, 'bkg': -2.730436239356499, 'target_flux_total': 6793.348279440377, 'target_frac_in_aperture': 0.8709517726854911, 'resid_frac': 0.10464005938772786, 'sector': 36}, {'dx': 0.04158649942243344, 'dy': -0.04580864507630985, 'scale': 1.1104474610664463, 'bkg': -1.752921385017556, 'target_flux_total': 6519.0117055833625, 'target_frac_in_aperture': 0.8722003913659377, 'resid_frac': 0.16267325689370413, 'sector': 37}, {'dx': 0.04199421416551611, 'dy': -0.015224692991267485, 'scale': 1.1083440716891728, 'bkg': -2.2515358291027185, 'target_flux_total': 6506.66351221753, 'target_frac_in_aperture': 0.8794494269388492, 'resid_frac': 0.1441444838126836, 'sector': 38}, {'dx': -0.03806085407419434, 'dy': -0.1227298408410727, 'scale': 1.1114588647445203, 'bkg': -0.9644705974204709, 'target_flux_total': 6524.949269176062, 'target_frac_in_aperture': 0.8496830502712089, 'resid_frac': 0.15143500592363607, 'sector': 61}, {'dx': 0.016274202141141468, 'dy': -0.0967912665568192, 'scale': 1.1066455357184781, 'bkg': -1.8027771565834876, 'target_flux_total': 6496.6920581293925, 'target_frac_in_aperture': 0.8465061590459582, 'resid_frac': 0.14072938831127163, 'sector': 62}, {'dx': 0.05687591594453537, 'dy': -0.07318769132109615, 'scale': 1.1053092074437734, 'bkg': -2.275354958299232, 'target_flux_total': 6488.846986686809, 'target_frac_in_aperture': 0.8853161036736762, 'resid_frac': 0.12259612231442132, 'sector': 63}, {'dx': 0.07699958849324086, 'dy': -0.06830903552587157, 'scale': 1.1046251886340064, 'bkg': -1.102446954461738, 'target_flux_total': 6484.831374256638, 'target_frac_in_aperture': 0.8561243099712338, 'resid_frac': 0.19099066987501984, 'sector': 64}, {'dx': 0.09764843597592718, 'dy': -0.061427436627066956, 'scale': 1.105651246304171, 'bkg': -1.5403754520611677, 'target_flux_total': 6490.854965823935, 'target_frac_in_aperture': 0.8661967021951454, 'resid_frac': 0.13921552262864142, 'sector': 65}, {'dx': 0.032627138064333656, 'dy': -0.03131412720036318, 'scale': 1.1297644191982341, 'bkg': -3.4666828460133865, 'target_flux_total': 6632.414167737178, 'target_frac_in_aperture': 0.887085921364798, 'resid_frac': 0.13692939838097654, 'sector': 66}, {'dx': -0.02567668056025138, 'dy': -0.02344513236726841, 'scale': 1.0908718701824525, 'bkg': -0.993272250310967, 'target_flux_total': 6404.090909606298, 'target_frac_in_aperture': 0.8793423033570841, 'resid_frac': 0.17541766055980557, 'sector': 68}, {'dx': -0.050270316770430576, 'dy': -0.0821888424122162, 'scale': 1.1522772069078158, 'bkg': -1.8661101711868973, 'target_flux_total': 6764.578121233123, 'target_frac_in_aperture': 0.8580203029155494, 'resid_frac': 0.15146895245763686, 'sector': 69}, {'dx': -0.02613941600137832, 'dy': -0.07397091521718942, 'scale': 1.1141595667964366, 'bkg': -1.9769862527461723, 'target_flux_total': 6540.804056464087, 'target_frac_in_aperture': 0.8634106478046785, 'resid_frac': 0.12922516178052723, 'sector': 87}, {'dx': 0.008366965033053272, 'dy': -0.01757664640373224, 'scale': 1.091262929989571, 'bkg': -1.1351369446582884, 'target_flux_total': 6406.386671944969, 'target_frac_in_aperture': 0.8601296795070894, 'resid_frac': 0.189434315375675, 'sector': 88}, {'dx': 0.02419081146608784, 'dy': -0.06574968636892249, 'scale': 1.1062183078058212, 'bkg': -1.7901446117072042, 'target_flux_total': 6494.183966696694, 'target_frac_in_aperture': 0.8632342039362303, 'resid_frac': 0.13748513566140919, 'sector': 89}, {'dx': 0.06780939631571382, 'dy': -0.09078921466640022, 'scale': 1.1102177753586058, 'bkg': -2.733515089062199, 'target_flux_total': 6517.663308769902, 'target_frac_in_aperture': 0.8599018374495233, 'resid_frac': 0.11267108014272667, 'sector': 90}, {'dx': 0.03842692513384943, 'dy': -0.004267245756567422, 'scale': 1.1148788374849319, 'bkg': -2.8734946275672337, 'target_flux_total': 6545.026619171629, 'target_frac_in_aperture': 0.8691958408386543, 'resid_frac': 0.11435115736352977, 'sector': 93}, {'dx': -0.01345051743197197, 'dy': -0.023238450154499324, 'scale': 1.1057964521402626, 'bkg': -0.6802844598801816, 'target_flux_total': 6491.707413668961, 'target_frac_in_aperture': 0.8804509472519302, 'resid_frac': 0.23448146819671128, 'sector': 95}, {'dx': -0.008174548717205394, 'dy': -0.03106198360482105, 'scale': 1.113102886368945, 'bkg': -1.5868256795148943, 'target_flux_total': 6534.600690418058, 'target_frac_in_aperture': 0.8552043215545563, 'resid_frac': 0.14383369097707957, 'sector': 96}, {'dx': 0.06993752080916284, 'dy': -0.035111911111114696, 'scale': 1.1198785350194465, 'bkg': -1.8494046876229036, 'target_flux_total': 6574.377928346198, 'target_frac_in_aperture': 0.8974399521518615, 'resid_frac': 0.15926930570927547, 'sector': 97}]",,,,,,,,,,,,,
150428135,1.0,-1.0,0.0,2.4592453796829674,0.18701295233334142,1.256912306339929,4.542896273891888,0.531662780618689,3.5054652519092917,22.0,22.0,TOI-700d,planet,37.42349795179653,536.8431933343956,5.284517766615851e+18,3.0668348820625217,True,0.32115814773277246,1.2959467424238615,1.5,3.348652258634877,0.10416614874242897,True,[],1.0,"[{'dx': -0.06480062105013332, 'dy': -0.08082382750804197, 'scale': 1.10183296790152, 'bkg': -2.010715288987723, 'target_flux_total': 6468.439315849687, 'target_frac_in_aperture': 0.8304160058537332, 'resid_frac': 0.3036963055504841, 'sector': 1}, {'dx': 0.0029588208101736916, 'dy': -0.03151163861886287, 'scale': 1.1257495363610597, 'bkg': -2.512841612438005, 'target_flux_total': 6608.8443284338855, 'target_frac_in_aperture': 0.8499650260667153, 'resid_frac': 0.17115947014206678, 'sector': 3}, {'dx': 0.039683357148674596, 'dy': 0.004624802021059032, 'scale': 1.0990072308177405, 'bkg': -1.160348073869234, 'target_flux_total': 6451.850495782173, 'target_frac_in_aperture': 0.8601487731243694, 'resid_frac': 0.1888142544189179, 'sector': 4}, {'dx': 0.04602605915885289, 'dy': -0.0441017867758701, 'scale': 1.1063579750690273, 'bkg': -1.927895579145971, 'target_flux_total': 6495.003899701767, 'target_frac_in_aperture': 0.883145268635629, 'resid_frac': 0.13807253203010778, 'sector': 5}, {'dx': -0.03301633170618494, 'dy': 0.026519857426691003, 'scale': 1.1166031596047177, 'bkg': -2.357559471913537, 'target_flux_total': 6555.149453864127, 'target_frac_in_aperture': 0.8789875342808057, 'resid_frac': 0.11150369370669191, 'sector': 6}, {'dx': -0.04071233502286256, 'dy': -0.09105453277690012, 'scale': 1.1112658808128748, 'bkg': -1.4560329796021636, 'target_flux_total': 6523.816334432641, 'target_frac_in_aperture': 0.8633636086814767, 'resid_frac': 0.1704158546634035, 'sector': 7}, {'dx': -0.028773469881422882, 'dy': -0.06902513277873693, 'scale': 1.0719115366615455, 'bkg': 5.949985899125195, 'target_flux_total': 6292.782053943867, 'target_frac_in_aperture': 0.8570998935748618, 'resid_frac': 0.3947304483471587, 'sector': 8}, {'dx': 0.016273163072278298, 'dy': -0.09764062241722835, 'scale': 1.1147270840109185, 'bkg': -3.954965856215105, 'target_flux_total': 6544.1357326523275, 'target_frac_in_aperture': 0.8576811809451075, 'resid_frac': 0.12076911974226946, 'sector': 9}, {'dx': 0.02921042183407629, 'dy': -0.06648528424362567, 'scale': 1.1197102536148806, 'bkg': -2.4416454272249437, 'target_flux_total': 6573.3900126773715, 'target_frac_in_aperture': 0.8776620648595441, 'resid_frac': 0.13978355846736998, 'sector': 10}, {'dx': 0.052299452242762154, 'dy': -0.040594359794956514, 'scale': 1.1079428561383344, 'bkg': -2.48702617844932, 'target_flux_total': 6504.308129397468, 'target_frac_in_aperture': 0.8689721023690368, 'resid_frac': 0.1582917574378802, 'sector': 11}, {'dx': -0.0464959173825619, 'dy': -0.04425189571532062, 'scale': 1.0986043433210202, 'bkg': -1.430466182229994, 'target_flux_total': 6449.485297608249, 'target_frac_in_aperture': 0.8759596502084169, 'resid_frac': 0.15484029372066696, 'sector': 13}, {'dx': -0.09016328875264384, 'dy': -0.05338139956850681, 'scale': 1.1354333647360626, 'bkg': 1.2558816933345363, 'target_flux_total': 6665.694375594943, 'target_frac_in_aperture': 0.8774256343137125, 'resid_frac': 0.22737017511897753, 'sector': 27}, {'dx': -0.03247090064401545, 'dy': -0.07576504583968598, 'scale': 1.0929129743408952, 'bkg': 0.5877401264787351, 'target_flux_total': 6416.0734503096855, 'target_frac_in_aperture': 0.8792180753685068, 'resid_frac': 0.19884289071776115, 'sector': 28}, {'dx': 0.02234894153080619, 'dy': -0.03060054955259049, 'scale': 1.1229292528516703, 'bkg': -1.5290515503158195, 'target_flux_total': 6592.287524212715, 'target_frac_in_aperture': 0.8490624940941914, 'resid_frac': 0.21889041618031568, 'sector': 30}, {'dx': 0.05092331138485117, 'dy': -0.03959478160917652, 'scale': 1.1001141090893236, 'bkg': -1.5647403990875386, 'target_flux_total': 6458.348554143418, 'target_frac_in_aperture': 0.8462571895969977, 'resid_frac': 0.18854816442843328, 'sector': 31}, {'dx': -0.06281489190801318, 'dy': -0.07008928195988479, 'scale': 1.1156359657574138, 'bkg': -1.989535622407206, 'target_flux_total': 6549.471429254041, 'target_frac_in_aperture': 0.8543727734306391, 'resid_frac': 0.1210653123482293, 'sector': 33}, {'dx': -0.02028931005776056, 'dy': -0.0624597216267101, 'scale': 1.10170567685854, 'bkg': -1.552952592655031, 'target_flux_total': 6467.692038893058, 'target_frac_in_aperture': 0.8524172767351492, 'resid_frac': 0.1777743066430074, 'sector': 34}, {'dx': 0.008781351763753555, 'dy': -0.0025905301923982438, 'scale': 1.1069686716331872, 'bkg': -1.3130446372126832, 'target_flux_total': 6498.58906531284, 'target_frac_in_aperture': 0.884860809333976, 'resid_frac': 0.144766155477895, 'sector': 35}, {'dx': -0.010632777276696868, 'dy': -0.03293019017650825, 'scale': 1.1571779112750686, 'bkg': -2.730436239356499, 'target_flux_total': 6793.348279440377, 'target_frac_in_aperture': 0.8709517726854911, 'resid_frac': 0.10464005938772786, 'sector': 36}, {'dx': 0.04158649942243344, 'dy': -0.04580864507630985, 'scale': 1.1104474610664463, 'bkg': -1.752921385017556, 'target_flux_total': 6519.0117055833625, 'target_frac_in_aperture': 0.8722003913659377, 'resid_frac': 0.16267325689370413, 'sector': 37}, {'dx': 0.04199421416551611, 'dy': -0.015224692991267485, 'scale': 1.1083440716891728, 'bkg': -2.2515358291027185, 'target_flux_total': 6506.66351221753, 'target_frac_in_aperture': 0.8794494269388492, 'resid_frac': 0.1441444838126836, 'sector': 38}, {'dx': -0.03806085407419434, 'dy': -0.1227298408410727, 'scale': 1.1114588647445203, 'bkg': -0.9644705974204709, 'target_flux_total': 6524.949269176062, 'target_frac_in_aperture': 0.8496830502712089, 'resid_frac': 0.15143500592363607, 'sector': 61}, {'dx': 0.016274202141141468, 'dy': -0.0967912665568192, 'scale': 1.1066455357184781, 'bkg': -1.8027771565834876, 'target_flux_total': 6496.6920581293925, 'target_frac_in_aperture': 0.8465061590459582, 'resid_frac': 0.14072938831127163, 'sector': 62}, {'dx': 0.05687591594453537, 'dy': -0.07318769132109615, 'scale': 1.1053092074437734, 'bkg': -2.275354958299232, 'target_flux_total': 6488.846986686809, 'target_frac_in_aperture': 0.8853161036736762, 'resid_frac': 0.12259612231442132, 'sector': 63}, {'dx': 0.07699958849324086, 'dy': -0.06830903552587157, 'scale': 1.1046251886340064, 'bkg': -1.102446954461738, 'target_flux_total': 6484.831374256638, 'target_frac_in_aperture': 0.8561243099712338, 'resid_frac': 0.19099066987501984, 'sector': 64}, {'dx': 0.09764843597592718, 'dy': -0.061427436627066956, 'scale': 1.105651246304171, 'bkg': -1.5403754520611677, 'target_flux_total': 6490.854965823935, 'target_frac_in_aperture': 0.8661967021951454, 'resid_frac': 0.13921552262864142, 'sector': 65}, {'dx': 0.032627138064333656, 'dy': -0.03131412720036318, 'scale': 1.1297644191982341, 'bkg': -3.4666828460133865, 'target_flux_total': 6632.414167737178, 'target_frac_in_aperture': 0.887085921364798, 'resid_frac': 0.13692939838097654, 'sector': 66}, {'dx': -0.02567668056025138, 'dy': -0.02344513236726841, 'scale': 1.0908718701824525, 'bkg': -0.993272250310967, 'target_flux_total': 6404.090909606298, 'target_frac_in_aperture': 0.8793423033570841, 'resid_frac': 0.17541766055980557, 'sector': 68}, {'dx': -0.050270316770430576, 'dy': -0.0821888424122162, 'scale': 1.1522772069078158, 'bkg': -1.8661101711868973, 'target_flux_total': 6764.578121233123, 'target_frac_in_aperture': 0.8580203029155494, 'resid_frac': 0.15146895245763686, 'sector': 69}, {'dx': -0.02613941600137832, 'dy': -0.07397091521718942, 'scale': 1.1141595667964366, 'bkg': -1.9769862527461723, 'target_flux_total': 6540.804056464087, 'target_frac_in_aperture': 0.8634106478046785, 'resid_frac': 0.12922516178052723, 'sector': 87}, {'dx': 0.008366965033053272, 'dy': -0.01757664640373224, 'scale': 1.091262929989571, 'bkg': -1.1351369446582884, 'target_flux_total': 6406.386671944969, 'target_frac_in_aperture': 0.8601296795070894, 'resid_frac': 0.189434315375675, 'sector': 88}, {'dx': 0.02419081146608784, 'dy': -0.06574968636892249, 'scale': 1.1062183078058212, 'bkg': -1.7901446117072042, 'target_flux_total': 6494.183966696694, 'target_frac_in_aperture': 0.8632342039362303, 'resid_frac': 0.13748513566140919, 'sector': 89}, {'dx': 0.06780939631571382, 'dy': -0.09078921466640022, 'scale': 1.1102177753586058, 'bkg': -2.733515089062199, 'target_flux_total': 6517.663308769902, 'target_frac_in_aperture': 0.8599018374495233, 'resid_frac': 0.11267108014272667, 'sector': 90}, {'dx': 0.03842692513384943, 'dy': -0.004267245756567422, 'scale': 1.1148788374849319, 'bkg': -2.8734946275672337, 'target_flux_total': 6545.026619171629, 'target_frac_in_aperture': 0.8691958408386543, 'resid_frac': 0.11435115736352977, 'sector': 93}, {'dx': -0.01345051743197197, 'dy': -0.023238450154499324, 'scale': 1.1057964521402626, 'bkg': -0.6802844598801816, 'target_flux_total': 6491.707413668961, 'target_frac_in_aperture': 0.8804509472519302, 'resid_frac': 0.23448146819671128, 'sector': 95}, {'dx': -0.008174548717205394, 'dy': -0.03106198360482105, 'scale': 1.113102886368945, 'bkg': -1.5868256795148943, 'target_flux_total': 6534.600690418058, 'target_frac_in_aperture': 0.8552043215545563, 'resid_frac': 0.14383369097707957, 'sector': 96}, {'dx': 0.06993752080916284, 'dy': -0.035111911111114696, 'scale': 1.1198785350194465, 'bkg': -1.8494046876229036, 'target_flux_total': 6574.377928346198, 'target_frac_in_aperture': 0.8974399521518615, 'resid_frac': 0.15926930570927547, 'sector': 97}]",,,,,,,,,,,,,
356016119,0.0,0.0,0.0,1.7841241161527712,0.0,1.03496871640496,3.2909947850505916,0.2468469646185549,3.3565421007518323,34.0,44.0,TOI-2094b,planet,18.793166087075136,1803.937506797779,1.6493771566045317e+18,0.8843154763512353,True,0.0,0.9804717731124067,1.5,2.8894087584843975,0.0,True,[],0.0,"[{'dx': -0.04348728582806836, 'dy': -0.023336516635762406, 'scale': 1.1223577603422967, 'bkg': 0.7251559619231769, 'target_flux_total': 1898.3005506841068, 'target_frac_in_aperture': 0.7696840164404539, 'resid_frac': 0.09012888504863464, 'sector': 14}, {'dx': 0.03751446439146354, 'dy': -0.022886975846552755, 'scale': 1.1443487821178104, 'bkg': -0.7513296473759081, 'target_flux_total': 1935.4950801127911, 'target_frac_in_aperture': 0.7363823909309393, 'resid_frac': 0.09074746315903671, 'sector': 15}, {'dx': 0.03732804852699276, 'dy': -0.03712068948919355, 'scale': 1.1221823136635143, 'bkg': -1.5144290415784227, 'target_flux_total': 1898.0038088262816, 'target_frac_in_aperture': 0.6917883924541517, 'resid_frac': 0.08485127231841967, 'sector': 16}, {'dx': -0.05059820540340995, 'dy': -0.024240867651195052, 'scale': 1.1096766346543268, 'bkg': -1.1195920483431225, 'target_flux_total': 1876.8523202469366, 'target_frac_in_aperture': 0.7524260737177226, 'resid_frac': 0.08480765957266757, 'sector': 17}, {'dx': 0.06951242439359225, 'dy': -0.04272374672972584, 'scale': 1.0994858805458345, 'bkg': -0.19227336836455805, 'target_flux_total': 1859.616181450928, 'target_frac_in_aperture': 0.7746412120663255, 'resid_frac': 0.07833388556262158, 'sector': 19}, {'dx': 0.04282356694121061, 'dy': -0.05257695561034053, 'scale': 1.08654595244556, 'bkg': -1.135958091670179, 'target_flux_total': 1837.7302253801363, 'target_frac_in_aperture': 0.7423165482075316, 'resid_frac': 0.08815777045117695, 'sector': 20}, {'dx': 0.04805882753405462, 'dy': -0.06823744920475538, 'scale': 1.106813816776335, 'bkg': -0.5888461122384666, 'target_flux_total': 1872.0102913089956, 'target_frac_in_aperture': 0.8010435426308035, 'resid_frac': 0.08194807853713006, 'sector': 21}, {'dx': -0.017153139269158603, 'dy': -0.08898914927068546, 'scale': 1.1001297949444264, 'bkg': -0.275445966137059, 'target_flux_total': 1860.7052665008391, 'target_frac_in_aperture': 0.8160701085596643, 'resid_frac': 0.08448532659142446, 'sector': 22}, {'dx': -0.06510553616367956, 'dy': -0.02965979987381191, 'scale': 1.1024281164939758, 'bkg': 0.2529345995965283, 'target_flux_total': 1864.5925341950795, 'target_frac_in_aperture': 0.8012472658541467, 'resid_frac': 0.08577180902830245, 'sector': 23}, {'dx': -0.09886834999151842, 'dy': -0.11277122601666113, 'scale': 1.0953965044986747, 'bkg': -7.537964298185144, 'target_flux_total': 1852.6996125309515, 'target_frac_in_aperture': 0.7475717105299949, 'resid_frac': 0.10472056963498609, 'sector': 24}, {'dx': -0.06383891905740963, 'dy': -0.017734456875513883, 'scale': 1.08352418008888, 'bkg': -7.3094802935073515, 'target_flux_total': 1832.61934867806, 'target_frac_in_aperture': 0.7831601754374278, 'resid_frac': 0.11743105723070477, 'sector': 25}, {'dx': -0.07335559997020558, 'dy': -0.05114290036611987, 'scale': 1.1411188058642805, 'bkg': -7.186149150850412, 'target_flux_total': 1930.0320576101424, 'target_frac_in_aperture': 0.7402598401097644, 'resid_frac': 0.08990084868212128, 'sector': 26}, {'dx': -0.048743819871058455, 'dy': -0.017888154457079187, 'scale': 1.1157121075882326, 'bkg': -0.9396511399570792, 'target_flux_total': 1887.0604214414952, 'target_frac_in_aperture': 0.7474732123199312, 'resid_frac': 0.07927365073665446, 'sector': 40}, {'dx': 0.039324751212709126, 'dy': -0.07540725799182954, 'scale': 1.0986865709601494, 'bkg': -1.1380305076394652, 'target_flux_total': 1858.2642686471083, 'target_frac_in_aperture': 0.7467702579776127, 'resid_frac': 0.08074414580184255, 'sector': 47}, {'dx': -0.02169214989425739, 'dy': -0.03576971844522575, 'scale': 1.1044606896877065, 'bkg': -0.7889512620582373, 'target_flux_total': 1868.0303282294774, 'target_frac_in_aperture': 0.813162073037663, 'resid_frac': 0.08566634158340895, 'sector': 49}, {'dx': -0.06615632629701633, 'dy': -0.043696042048542105, 'scale': 1.1000944511367565, 'bkg': 0.34408828229247784, 'target_flux_total': 1860.6454877280325, 'target_frac_in_aperture': 0.7422823926657033, 'resid_frac': 0.08196433094873154, 'sector': 50}, {'dx': -0.09294869124765522, 'dy': 0.0270596519488068, 'scale': 1.0974622566375014, 'bkg': 1.0837548228964122, 'target_flux_total': 1856.1935237963894, 'target_frac_in_aperture': 0.7898999132854527, 'resid_frac': 0.07246906073096833, 'sector': 51}, {'dx': -0.0790628434078517, 'dy': -0.05949164093989655, 'scale': 1.1041757886900343, 'bkg': -0.8165361022599902, 'target_flux_total': 1867.5484607359906, 'target_frac_in_aperture': 0.7489812476881567, 'resid_frac': 0.07925532124119596, 'sector': 52}, {'dx': -0.07026331169010243, 'dy': -0.05727554518268898, 'scale': 1.1093600967347819, 'bkg': -0.7302603403285222, 'target_flux_total': 1876.3169436244225, 'target_frac_in_aperture': 0.7868918986894076, 'resid_frac': 0.08368177024972644, 'sector': 53}, {'dx': 0.031450198998250814, 'dy': -0.12587664076170732, 'scale': 1.097670376655412, 'bkg': 1.2450463260510862, 'target_flux_total': 1856.5455277282617, 'target_frac_in_aperture': 0.7621995348838173, 'resid_frac': 0.12805473120545754, 'sector': 54}, {'dx': -0.011430597845119538, 'dy': -0.06624706408527065, 'scale': 1.0935595152801194, 'bkg': -0.3332849470631948, 'target_flux_total': 1849.5926195841387, 'target_frac_in_aperture': 0.7702627441475156, 'resid_frac': 0.08836889236918309, 'sector': 55}, {'dx': -0.045209959959030065, 'dy': -0.04627287287412181, 'scale': 1.105256989313397, 'bkg': -0.4926508085076969, 'target_flux_total': 1869.3771501354413, 'target_frac_in_aperture': 0.7689150443805003, 'resid_frac': 0.08235354635335976, 'sector': 56}, {'dx': -0.07093340336699139, 'dy': -0.030725700741661036, 'scale': 1.102483262258199, 'bkg': -0.959231686256675, 'target_flux_total': 1864.685805020383, 'target_frac_in_aperture': 0.7765123862761267, 'resid_frac': 0.08802233103132785, 'sector': 57}, {'dx': 0.0780479800534945, 'dy': -0.007468968637857564, 'scale': 1.0966736501905838, 'bkg': -0.557549311664151, 'target_flux_total': 1854.8597137535025, 'target_frac_in_aperture': 0.731144870668225, 'resid_frac': 0.07343833066573156, 'sector': 58}, {'dx': 0.07100979688633212, 'dy': -0.0442892827957021, 'scale': 1.0967127735865942, 'bkg': -0.04287316506160679, 'target_flux_total': 1854.9258851355835, 'target_frac_in_aperture': 0.8008252551709166, 'resid_frac': 0.0840987640388306, 'sector': 59}, {'dx': 0.04170366946719602, 'dy': -0.06626362209679618, 'scale': 1.0951560957561508, 'bkg': -0.9108492938846737, 'target_flux_total': 1852.2929970430494, 'target_frac_in_aperture': 0.8199718534697303, 'resid_frac': 0.08841223160717293, 'sector': 60}, {'dx': 0.05646133243125805, 'dy': -0.10640575294574332, 'scale': 1.0979664221300887, 'bkg': -0.9755410263001306, 'target_flux_total': 1857.0462444404045, 'target_frac_in_aperture': 0.8187518449043886, 'resid_frac': 0.08342457769587693, 'sector': 73}, {'dx': -0.0023889185553587445, 'dy': -0.07629570299906548, 'scale': 1.094719030383294, 'bkg': -0.30395210374685566, 'target_flux_total': 1851.5537662315426, 'target_frac_in_aperture': 0.8249592604256147, 'resid_frac': 0.10188360299815497, 'sector': 74}, {'dx': -0.03615063565305509, 'dy': -0.14302314885602968, 'scale': 1.098428058309507, 'bkg': -0.3355731135120432, 'target_flux_total': 1857.827033102068, 'target_frac_in_aperture': 0.788516815259429, 'resid_frac': 0.09418398759375571, 'sector': 76}, {'dx': -0.06446311719228365, 'dy': -0.1267713772757585, 'scale': 1.099599972859612, 'bkg': -0.7390826883791053, 'target_flux_total': 1859.8091515623535, 'target_frac_in_aperture': 0.7592625856730677, 'resid_frac': 0.09264374221023444, 'sector': 77}, {'dx': -0.07439553393208391, 'dy': -0.06420687468711038, 'scale': 1.0952750645433562, 'bkg': -0.49507891159745826, 'target_flux_total': 1852.494214981078, 'target_frac_in_aperture': 0.7747329443165134, 'resid_frac': 0.09052432340067833, 'sector': 78}, {'dx': -0.07090208912026458, 'dy': 0.008357568661783296, 'scale': 1.1143327431390728, 'bkg': -1.0635001938180946, 'target_flux_total': 1884.7274324553136, 'target_frac_in_aperture': 0.7407795365809077, 'resid_frac': 0.08108652619001432, 'sector': 79}, {'dx': 0.023484174468141307, 'dy': -0.033538367492041324, 'scale': 1.0939314941117584, 'bkg': -0.2634513902991928, 'target_flux_total': 1850.2217662305054, 'target_frac_in_aperture': 0.696628424241868, 'resid_frac': 0.07477004197297013, 'sector': 80}, {'dx': 0.002352772830535888, 'dy': -0.09911378426405192, 'scale': 1.11514697639532, 'bkg': -1.04040841794644, 'target_flux_total': 1886.1045864193472, 'target_frac_in_aperture': 0.7786647289379978, 'resid_frac': 0.08351409409743417, 'sector': 81}, {'dx': -0.02434727575967608, 'dy': -0.07484296956823003, 'scale': 1.1020390871683627, 'bkg': -0.5188900880100444, 'target_flux_total': 1863.9345491842946, 'target_frac_in_aperture': 0.7012007946754856, 'resid_frac': 0.08185280054218669, 'sector': 82}, {'dx': -0.07728212151408619, 'dy': -0.0450308577514338, 'scale': 1.13210934767694, 'bkg': -1.8566905359100547, 'target_flux_total': 1914.7939044626307, 'target_frac_in_aperture': 0.7850547469603913, 'resid_frac': 0.08681093372756077, 'sector': 83}, {'dx': -0.10108295016779333, 'dy': -0.036496231127379306, 'scale': 1.0909563218553229, 'bkg': -1.3577375079338923, 'target_flux_total': 1845.1897066392312, 'target_frac_in_aperture': 0.730797209146236, 'resid_frac': 0.09594301850820129, 'sector': 84}, {'dx': 0.0866192973070987, 'dy': -0.007920404493154207, 'scale': 1.1013530371766964, 'bkg': -0.8034904641715228, 'target_flux_total': 1862.774198070778, 'target_frac_in_aperture': 0.7638157084771553, 'resid_frac': 0.07601463798123403, 'sector': 85}, {'dx': 0.06469960013305753, 'dy': -0.04792542244638089, 'scale': 1.0931645127782608, 'bkg': -0.025244148124144564, 'target_flux_total': 1848.9245318377045, 'target_frac_in_aperture': 0.8073773135798854, 'resid_frac': 0.08182456375816861, 'sector': 86}]",,,,,,,,,,,,,
356016119,1.0,,,3.0901936161855166,0.3454073420344232,1.0248435018238256,,,,,,TOI-2094b_inject_target,injection,,,,,,0.6300019621140228,,,,0.2338277093763283,True,,1.0,,,target,1.6493771566045317e+18,0.8843154763512353,12.369643997735391,,1.6493771566045317e+18,True,0.3454073420344232,0.6300019621140228,0.2338277093763283,,
356016119,13.892443989449804,,,2.256758334191025,8.115990814695675,1.024044995528098,,,,,,TOI-2094b_inject_1649377152308845952,injection,,,,,,70.53785100610683,,,,5.5741815532257775,True,,3.3945266319235494,,,neighbour,1.649377152308846e+18,11.252537793208626,16.68631016875,0.10437827000472769,1.649377152308846e+18,True,1.74556057539463,5.029395964880475,1.064836475034507,,
356016119,71.80529228406496,,,0.5641895835477563,37.0,1.166754682907234,,,,,,TOI-2094b_inject_1649377190964268416,injection,,,,,,543827.7531444019,,,,37.0,True,,0.4820200847697217,,,neighbour,1.6493771909642685e+18,73.47444215923042,12.728590025877812,0.15548689469094365,1.6493771909642685e+18,True,0.0,0.0,0.0,,
279251651,26.832815729997478,24.0,-12.0,0.5641895835477563,37.0,1.522214065392007,6.914036819425616,0.041652396828661085,5.263629100942732,32.0,1682.0,TOI-419.01,neb,0.4038438770532135,601.2159717941769,5.480636006390944e+18,21.23815719141602,False,24719.276026158084,1.3135493946918277,1.5,2.3417715511877395,37.0,True,"[(5480636006390944000, 21.2, 16.52)]",26.832815729997478,"[{'dx': 0.003138551334635918, 'dy': -0.040815648392713386, 'scale': 1.0960336730729214, 'bkg': 0.9977396219436996, 'target_flux_total': 8884.08675871111, 'target_frac_in_aperture': 0.8810119238536859, 'resid_frac': 0.09299018179854429, 'sector': 2}, {'dx': 0.06529158008072457, 'dy': -0.027502283199294063, 'scale': 1.0791672033055864, 'bkg': -0.6595249792822113, 'target_flux_total': 8747.37272846962, 'target_frac_in_aperture': 0.8712187772467668, 'resid_frac': 0.09429096974764588, 'sector': 3}, {'dx': -0.006879250839380208, 'dy': 0.01444697868897744, 'scale': 1.0763231887794655, 'bkg': -0.5630667949497015, 'target_flux_total': 8724.320086553744, 'target_frac_in_aperture': 0.8756279266788062, 'resid_frac': 0.09545243634703544, 'sector': 4}, {'dx': -0.06094694307929616, 'dy': 0.016118596755897684, 'scale': 1.0903902457847048, 'bkg': -1.0778947036315623, 'target_flux_total': 8838.34300203945, 'target_frac_in_aperture': 0.8557457407061474, 'resid_frac': 0.06442837293803859, 'sector': 5}, {'dx': -0.05731290589948683, 'dy': 0.002130357648465652, 'scale': 1.0827127097481284, 'bkg': -0.730300848951559, 'target_flux_total': 8776.111432045032, 'target_frac_in_aperture': 0.8745738122144732, 'resid_frac': 0.06981514146505148, 'sector': 6}, {'dx': -0.02163751862336016, 'dy': -0.121248161595181, 'scale': 1.1035170081140198, 'bkg': 0.5801230586370104, 'target_flux_total': 8944.74419961183, 'target_frac_in_aperture': 0.8712262055487096, 'resid_frac': 0.07125081960666506, 'sector': 7}, {'dx': 0.008216526926265882, 'dy': -0.10296418364921957, 'scale': 1.0693551300767492, 'bkg': 4.129494263369001, 'target_flux_total': 8667.839305373762, 'target_frac_in_aperture': 0.8752851704931846, 'resid_frac': 0.1532550402598358, 'sector': 8}, {'dx': 0.03589156614265708, 'dy': -0.102700168501465, 'scale': 1.0768055386814948, 'bkg': -0.2623271303343158, 'target_flux_total': 8728.229855462276, 'target_frac_in_aperture': 0.8670291559990015, 'resid_frac': 0.06252643011283704, 'sector': 9}, {'dx': 0.05795913233925258, 'dy': -0.0569717010246703, 'scale': 1.070324302671712, 'bkg': -0.19680192356002243, 'target_flux_total': 8675.695098155817, 'target_frac_in_aperture': 0.8789345256976822, 'resid_frac': 0.07790283512426278, 'sector': 10}, {'dx': -0.043272815606111896, 'dy': -0.03914744922831137, 'scale': 1.084319000633094, 'bkg': 0.24093491495477412, 'target_flux_total': 8789.13149514378, 'target_frac_in_aperture': 0.8728751809378895, 'resid_frac': 0.07524688320021398, 'sector': 12}, {'dx': -0.030290440263905656, 'dy': -0.06243518043904082, 'scale': 1.0698060886704797, 'bkg': 0.50223441205532, 'target_flux_total': 8671.494626710793, 'target_frac_in_aperture': 0.9135789997703732, 'resid_frac': 0.07460523923886153, 'sector': 13}, {'dx': -0.0455331964789358, 'dy': -0.04843242340878258, 'scale': 1.0660926557290513, 'bkg': 1.8708756216069968, 'target_flux_total': 8641.39476642839, 'target_frac_in_aperture': 0.9008252248700088, 'resid_frac': 0.08636030790809197, 'sector': 27}, {'dx': -0.01570257852648908, 'dy': -0.011259675211076462, 'scale': 1.0773284330349961, 'bkg': 1.640668984590175, 'target_flux_total': 8732.468264296123, 'target_frac_in_aperture': 0.8669525474275974, 'resid_frac': 0.13026579189013812, 'sector': 28}, {'dx': 0.020179547917745365, 'dy': -0.07138893362457706, 'scale': 1.0859193053243308, 'bkg': 0.19573290283859526, 'target_flux_total': 8802.103036134358, 'target_frac_in_aperture': 0.8676887184900889, 'resid_frac': 0.05797363425403477, 'sector': 29}, {'dx': 0.057745749134190165, 'dy': -0.010854738464629757, 'scale': 1.0806651254642703, 'bkg': -0.7540538933535886, 'target_flux_total': 8759.514390484652, 'target_frac_in_aperture': 0.8685494711197426, 'resid_frac': 0.08424290464837228, 'sector': 30}, {'dx': 0.07084565863721712, 'dy': -0.03735439895000104, 'scale': 1.0795443738917416, 'bkg': -1.2274983665695165, 'target_flux_total': 8750.429948601228, 'target_frac_in_aperture': 0.8767519419426744, 'resid_frac': 0.07339428818063432, 'sector': 31}, {'dx': -0.04903895810571473, 'dy': 0.03882153084470783, 'scale': 1.0828646444627295, 'bkg': 0.3153200846306187, 'target_flux_total': 8777.342964633252, 'target_frac_in_aperture': 0.8861027729040364, 'resid_frac': 0.0645524160671593, 'sector': 32}, {'dx': -0.07053719265337254, 'dy': -0.10956612917507015, 'scale': 1.1140543281461732, 'bkg': -0.5741073306192724, 'target_flux_total': 9030.156233630358, 'target_frac_in_aperture': 0.8809230132613367, 'resid_frac': 0.06493623083818141, 'sector': 33}, {'dx': 0.013704348488292674, 'dy': -0.07884199097347215, 'scale': 1.082492275373094, 'bkg': -0.5129725512911244, 'target_flux_total': 8774.324663845733, 'target_frac_in_aperture': 0.8740701661823576, 'resid_frac': 0.0760624207578392, 'sector': 34}, {'dx': -0.006071183264553811, 'dy': 0.03056026399231654, 'scale': 1.087201154265479, 'bkg': -0.24852902206623562, 'target_flux_total': 8812.493280051585, 'target_frac_in_aperture': 0.8589899422589419, 'resid_frac': 0.0673981450526385, 'sector': 35}, {'dx': 0.05685774712554752, 'dy': -0.04451460961612804, 'scale': 1.108525523935948, 'bkg': -0.302682879931762, 'target_flux_total': 8985.34157375056, 'target_frac_in_aperture': 0.887001437796234, 'resid_frac': 0.056915589288615114, 'sector': 36}, {'dx': 0.06987011974300306, 'dy': -0.01608926457740956, 'scale': 1.0740313839261688, 'bkg': -0.9480526448188016, 'target_flux_total': 8705.743473762608, 'target_frac_in_aperture': 0.8871765519436845, 'resid_frac': 0.0692871912866391, 'sector': 37}, {'dx': -0.08689332671689724, 'dy': -0.020388505294252394, 'scale': 1.077668488687049, 'bkg': 0.9431584398343409, 'target_flux_total': 8735.224643036894, 'target_frac_in_aperture': 0.8864812487829761, 'resid_frac': 0.09102039088630104, 'sector': 38}, {'dx': -0.07662229418721504, 'dy': -0.004653479045713254, 'scale': 1.0766256539182526, 'bkg': 0.1070060594057104, 'target_flux_total': 8726.771769016143, 'target_frac_in_aperture': 0.9052412708925189, 'resid_frac': 0.06542980863637514, 'sector': 39}, {'dx': -0.025718532186435772, 'dy': -0.07161098712742299, 'scale': 1.0764514378825465, 'bkg': -0.8839145412474967, 'target_flux_total': 8725.359631402129, 'target_frac_in_aperture': 0.8627130506755051, 'resid_frac': 0.05684228877091633, 'sector': 87}, {'dx': 0.009412892109615467, 'dy': 0.018599192831473398, 'scale': 1.0772070082574878, 'bkg': -0.291959715145707, 'target_flux_total': 8731.484035175665, 'target_frac_in_aperture': 0.870999492857044, 'resid_frac': 0.0807802454736695, 'sector': 88}, {'dx': 0.03455070654366742, 'dy': -0.07441257831382911, 'scale': 1.09342091420572, 'bkg': 0.2488657459325466, 'target_flux_total': 8862.908598745706, 'target_frac_in_aperture': 0.8884571426578789, 'resid_frac': 0.05519880219606624, 'sector': 89}, {'dx': 0.09742394129964406, 'dy': -0.08156438611311699, 'scale': 1.0818549156353472, 'bkg': -1.0725497764610041, 'target_flux_total': 8769.158436433416, 'target_frac_in_aperture': 0.8663698160341103, 'resid_frac': 0.05342176345402178, 'sector': 90}, {'dx': -0.045774432320160666, 'dy': -0.04607645896470937, 'scale': 1.0817620442121054, 'bkg': 0.038594056890701244, 'target_flux_total': 8768.405651366902, 'target_frac_in_aperture': 0.9025532246244306, 'resid_frac': 0.06733104623732974, 'sector': 93}, {'dx': -0.032441567320868864, 'dy': -0.015715158709098294, 'scale': 1.0703815714183431, 'bkg': 1.0086814094484913, 'target_flux_total': 8676.159299690982, 'target_frac_in_aperture': 0.8817801608333845, 'resid_frac': 0.08200081088088566, 'sector': 94}, {'dx': 0.006659374240988577, 'dy': -0.06640980250273736, 'scale': 1.0642580133717212, 'bkg': 2.958972387710549, 'target_flux_total': 8626.523761755669, 'target_frac_in_aperture': 0.8620246636159279, 'resid_frac': 0.13133152654236724, 'sector': 95}, {'dx': 0.035886491521738687, 'dy': -0.07512380488844764, 'scale': 1.0883388836234236, 'bkg': 0.6877453029759667, 'target_flux_total': 8821.715338253114, 'target_frac_in_aperture': 0.8345394601265435, 'resid_frac': 0.08258593076358557, 'sector': 96}]",,,,,,,,,,,,24.224284970441627,False
307210830,0.0,0.0,0.0,0.5641895835477563,0.0,1.191080741558625,41.31874846440719,0.508390992086785,40.07149785373324,27.0,161.0,L98-59c,planet,3.6906723033646394,1611.6012714171923,5.27105524316363e+18,5.654279542395569,True,0.0,1.0311256298735474,1.5,2.3417715511877395,0.0,True,[],0.0,"[{'dx': -0.06321243048545064, 'dy': -0.07206463785978834, 'scale': 1.0829186106459785, 'bkg': -5.4117075926102824, 'target_flux_total': 25099.97331484296, 'target_frac_in_aperture': 0.9171207155619746, 'resid_frac': 0.07633582535963243, 'sector': 2}, {'dx': 0.050937190424353296, 'dy': -0.11636982431198858, 'scale': 1.0777858873690833, 'bkg': -4.984846011511192, 'target_flux_total': 24981.00664826615, 'target_frac_in_aperture': 0.9287084198731179, 'resid_frac': 0.08464397576474432, 'sector': 5}, {'dx': -0.08475217496404358, 'dy': -0.0793016097081678, 'scale': 1.0477978525570348, 'bkg': 4.2047399375426995, 'target_flux_total': 24285.94160261327, 'target_frac_in_aperture': 0.9212236503045775, 'resid_frac': 0.304447680148127, 'sector': 8}, {'dx': -0.042904386080863464, 'dy': -0.13946992044898412, 'scale': 1.067030460927237, 'bkg': -5.982076270888519, 'target_flux_total': 24731.716522465224, 'target_frac_in_aperture': 0.9131554668635868, 'resid_frac': 0.10583839625388403, 'sector': 9}, {'dx': 0.016409784843483814, 'dy': -0.10983700374445278, 'scale': 1.0656179041581635, 'bkg': -2.0877837874069574, 'target_flux_total': 24698.97616981001, 'target_frac_in_aperture': 0.9316126721974918, 'resid_frac': 0.10090386279540656, 'sector': 10}, {'dx': -0.05453988470129329, 'dy': -0.09680874746538966, 'scale': 1.0842703764206436, 'bkg': -3.444136544343443, 'target_flux_total': 25131.304649015685, 'target_frac_in_aperture': 0.9401313269377872, 'resid_frac': 0.07948825073992431, 'sector': 11}, {'dx': 0.06544158434193768, 'dy': -0.047697637569573945, 'scale': 1.0664959622317867, 'bkg': -3.581207482893524, 'target_flux_total': 24719.327869374647, 'target_frac_in_aperture': 0.9258282523935834, 'resid_frac': 0.09298940059446421, 'sector': 12}, {'dx': -0.08328001660594775, 'dy': -0.046405454645186736, 'scale': 1.0624667403395824, 'bkg': -4.07380498716223, 'target_flux_total': 24625.938245279463, 'target_frac_in_aperture': 0.9323869326759833, 'resid_frac': 0.08772550812419205, 'sector': 28}, {'dx': -0.062333222847052686, 'dy': -0.0821114019858996, 'scale': 1.0772625975109829, 'bkg': -2.0820397853589188, 'target_flux_total': 24968.877794495307, 'target_frac_in_aperture': 0.9262188662565952, 'resid_frac': 0.09894018029957677, 'sector': 29}, {'dx': 0.07481699842864717, 'dy': -0.11954735564348529, 'scale': 1.0782177718330395, 'bkg': -5.001854524792708, 'target_flux_total': 24991.01690057304, 'target_frac_in_aperture': 0.9088126025172514, 'resid_frac': 0.06913691998097585, 'sector': 32}, {'dx': -0.032497638948391715, 'dy': 0.0044924825326483975, 'scale': 1.1048362496788802, 'bkg': -5.899473635994081, 'target_flux_total': 25607.98208802493, 'target_frac_in_aperture': 0.9214549965574224, 'resid_frac': 0.08461404718374003, 'sector': 35}, {'dx': 0.028341647594790294, 'dy': -0.08158241413660298, 'scale': 1.068211651849562, 'bkg': -5.510280086993747, 'target_flux_total': 24759.094259202433, 'target_frac_in_aperture': 0.9316613447049702, 'resid_frac': 0.11084340213328896, 'sector': 36}, {'dx': 0.03473269192009655, 'dy': -0.10871148155511502, 'scale': 1.0727549638284646, 'bkg': -2.521169014506455, 'target_flux_total': 24864.399504038367, 'target_frac_in_aperture': 0.9260516733805443, 'resid_frac': 0.12150140883061256, 'sector': 37}, {'dx': 0.05395818030344041, 'dy': -0.0851654549264062, 'scale': 1.059873336961719, 'bkg': -7.620919419205031, 'target_flux_total': 24565.82813641342, 'target_frac_in_aperture': 0.9236231993686167, 'resid_frac': 0.10897082598534676, 'sector': 38}, {'dx': 0.09838502823070731, 'dy': -0.08574382773072206, 'scale': 1.0661691550860617, 'bkg': -5.35373783070254, 'target_flux_total': 24711.753107470886, 'target_frac_in_aperture': 0.9166770460179305, 'resid_frac': 0.0745523271823083, 'sector': 39}, {'dx': -0.12924851415353394, 'dy': -0.09250547472799528, 'scale': 1.0701938920862275, 'bkg': -4.998903281014682, 'target_flux_total': 24805.03878038324, 'target_frac_in_aperture': 0.9058682920650053, 'resid_frac': 0.12001245809513707, 'sector': 61}, {'dx': -0.07114349795702675, 'dy': -0.0986006163361498, 'scale': 1.0652648495296078, 'bkg': -5.731932132003738, 'target_flux_total': 24690.793041670633, 'target_frac_in_aperture': 0.9144031482881011, 'resid_frac': 0.07633528868560333, 'sector': 62}, {'dx': 0.03820641554218943, 'dy': -0.10916198211780105, 'scale': 1.0708893711476655, 'bkg': -3.0712787547004132, 'target_flux_total': 24821.158649144854, 'target_frac_in_aperture': 0.9325368118419918, 'resid_frac': 0.12604307295672726, 'sector': 63}, {'dx': -0.015540802510382796, 'dy': -0.0998865292776262, 'scale': 1.075761933583209, 'bkg': -0.23910648668696838, 'target_flux_total': 24934.095287138447, 'target_frac_in_aperture': 0.9308341656765762, 'resid_frac': 0.12224329002069254, 'sector': 64}, {'dx': -0.07523483532172846, 'dy': -0.08791966557140624, 'scale': 1.084547947071656, 'bkg': -4.597889122033412, 'target_flux_total': 25137.738203545912, 'target_frac_in_aperture': 0.9343034464231438, 'resid_frac': 0.0870128286599559, 'sector': 65}, {'dx': -0.09066974478773578, 'dy': -0.17139878077996268, 'scale': 1.1032071605997509, 'bkg': -2.4412380823606346, 'target_flux_total': 25570.222932339857, 'target_frac_in_aperture': 0.9345960837114422, 'resid_frac': 0.06851770679752202, 'sector': 69}, {'dx': 0.11224277947129796, 'dy': -0.011130326312083064, 'scale': 1.0732647569785387, 'bkg': -1.016298470796312, 'target_flux_total': 24876.215530041758, 'target_frac_in_aperture': 0.9288019836718864, 'resid_frac': 0.13457193088642125, 'sector': 87}, {'dx': -0.08903139592314747, 'dy': -0.007778194018658002, 'scale': 1.0622361082930372, 'bkg': -3.8793947266037314, 'target_flux_total': 24620.59263744068, 'target_frac_in_aperture': 0.9165855499187526, 'resid_frac': 0.12264702214811005, 'sector': 88}, {'dx': -0.047335857462444585, 'dy': -0.0655180563428101, 'scale': 1.065131990484808, 'bkg': -5.390974126006976, 'target_flux_total': 24687.71362420904, 'target_frac_in_aperture': 0.9148625960839132, 'resid_frac': 0.10214447806239565, 'sector': 89}, {'dx': 0.027415778593413338, 'dy': -0.13615495344326528, 'scale': 1.0872269998226594, 'bkg': -1.6885521985478993, 'target_flux_total': 25199.833500365246, 'target_frac_in_aperture': 0.9318331780461916, 'resid_frac': 0.11387913693650602, 'sector': 90}, {'dx': -0.080084119035581, 'dy': -0.0915879270639848, 'scale': 1.0772323374938653, 'bkg': -3.236017926471092, 'target_flux_total': 24968.176425422236, 'target_frac_in_aperture': 0.9234090486355422, 'resid_frac': 0.08032540660525427, 'sector': 96}, {'dx': 0.10140779597994816, 'dy': -0.04095804141120539, 'scale': 1.0773128632937554, 'bkg': -4.980397678492165, 'target_flux_total': 24970.042858789, 'target_frac_in_aperture': 0.9259527757001087, 'resid_frac': 0.09197444825417865, 'sector': 98}]",,,,,,,,,,,,,
307210830,0.0,,,0.7978845608028654,0.0,1.2413408862382864,,,,,,L98-59c_inject_target,injection,,,,,,0.0,,,,0.0,True,,0.0,,,target,5.27105524316363e+18,5.654279542395569,9.527534541754173,,5.27105524316363e+18,True,0.0,0.0,0.0,,
307210830,0.0,0.0,0.0,0.5641895835477563,0.0,1.1452062970905035,33.99456585144921,0.8518370336078774,39.819873131408926,27.0,86.0,L98-59d,planet,7.450730587443111,1601.4813920980298,5.27105524316363e+18,5.654279542395569,True,0.0,0.853708542447242,1.5,2.3417715511877395,0.0,True,[],0.0,"[{'dx': -0.06321243048545064, 'dy': -0.07206463785978834, 'scale': 1.0829186106459785, 'bkg': -5.4117075926102824, 'target_flux_total': 25099.97331484296, 'target_frac_in_aperture': 0.9171207155619746, 'resid_frac': 0.07633582535963243, 'sector': 2}, {'dx': 0.050937190424353296, 'dy': -0.11636982431198858, 'scale': 1.0777858873690833, 'bkg': -4.984846011511192, 'target_flux_total': 24981.00664826615, 'target_frac_in_aperture': 0.9287084198731179, 'resid_frac': 0.08464397576474432, 'sector': 5}, {'dx': -0.08475217496404358, 'dy': -0.0793016097081678, 'scale': 1.0477978525570348, 'bkg': 4.2047399375426995, 'target_flux_total': 24285.94160261327, 'target_frac_in_aperture': 0.9212236503045775, 'resid_frac': 0.304447680148127, 'sector': 8}, {'dx': -0.042904386080863464, 'dy': -0.13946992044898412, 'scale': 1.067030460927237, 'bkg': -5.982076270888519, 'target_flux_total': 24731.716522465224, 'target_frac_in_aperture': 0.9131554668635868, 'resid_frac': 0.10583839625388403, 'sector': 9}, {'dx': 0.016409784843483814, 'dy': -0.10983700374445278, 'scale': 1.0656179041581635, 'bkg': -2.0877837874069574, 'target_flux_total': 24698.97616981001, 'target_frac_in_aperture': 0.9316126721974918, 'resid_frac': 0.10090386279540656, 'sector': 10}, {'dx': -0.05453988470129329, 'dy': -0.09680874746538966, 'scale': 1.0842703764206436, 'bkg': -3.444136544343443, 'target_flux_total': 25131.304649015685, 'target_frac_in_aperture': 0.9401313269377872, 'resid_frac': 0.07948825073992431, 'sector': 11}, {'dx': 0.06544158434193768, 'dy': -0.047697637569573945, 'scale': 1.0664959622317867, 'bkg': -3.581207482893524, 'target_flux_total': 24719.327869374647, 'target_frac_in_aperture': 0.9258282523935834, 'resid_frac': 0.09298940059446421, 'sector': 12}, {'dx': -0.08328001660594775, 'dy': -0.046405454645186736, 'scale': 1.0624667403395824, 'bkg': -4.07380498716223, 'target_flux_total': 24625.938245279463, 'target_frac_in_aperture': 0.9323869326759833, 'resid_frac': 0.08772550812419205, 'sector': 28}, {'dx': -0.062333222847052686, 'dy': -0.0821114019858996, 'scale': 1.0772625975109829, 'bkg': -2.0820397853589188, 'target_flux_total': 24968.877794495307, 'target_frac_in_aperture': 0.9262188662565952, 'resid_frac': 0.09894018029957677, 'sector': 29}, {'dx': 0.07481699842864717, 'dy': -0.11954735564348529, 'scale': 1.0782177718330395, 'bkg': -5.001854524792708, 'target_flux_total': 24991.01690057304, 'target_frac_in_aperture': 0.9088126025172514, 'resid_frac': 0.06913691998097585, 'sector': 32}, {'dx': -0.032497638948391715, 'dy': 0.0044924825326483975, 'scale': 1.1048362496788802, 'bkg': -5.899473635994081, 'target_flux_total': 25607.98208802493, 'target_frac_in_aperture': 0.9214549965574224, 'resid_frac': 0.08461404718374003, 'sector': 35}, {'dx': 0.028341647594790294, 'dy': -0.08158241413660298, 'scale': 1.068211651849562, 'bkg': -5.510280086993747, 'target_flux_total': 24759.094259202433, 'target_frac_in_aperture': 0.9316613447049702, 'resid_frac': 0.11084340213328896, 'sector': 36}, {'dx': 0.03473269192009655, 'dy': -0.10871148155511502, 'scale': 1.0727549638284646, 'bkg': -2.521169014506455, 'target_flux_total': 24864.399504038367, 'target_frac_in_aperture': 0.9260516733805443, 'resid_frac': 0.12150140883061256, 'sector': 37}, {'dx': 0.05395818030344041, 'dy': -0.0851654549264062, 'scale': 1.059873336961719, 'bkg': -7.620919419205031, 'target_flux_total': 24565.82813641342, 'target_frac_in_aperture': 0.9236231993686167, 'resid_frac': 0.10897082598534676, 'sector': 38}, {'dx': 0.09838502823070731, 'dy': -0.08574382773072206, 'scale': 1.0661691550860617, 'bkg': -5.35373783070254, 'target_flux_total': 24711.753107470886, 'target_frac_in_aperture': 0.9166770460179305, 'resid_frac': 0.0745523271823083, 'sector': 39}, {'dx': -0.12924851415353394, 'dy': -0.09250547472799528, 'scale': 1.0701938920862275, 'bkg': -4.998903281014682, 'target_flux_total': 24805.03878038324, 'target_frac_in_aperture': 0.9058682920650053, 'resid_frac': 0.12001245809513707, 'sector': 61}, {'dx': -0.07114349795702675, 'dy': -0.0986006163361498, 'scale': 1.0652648495296078, 'bkg': -5.731932132003738, 'target_flux_total': 24690.793041670633, 'target_frac_in_aperture': 0.9144031482881011, 'resid_frac': 0.07633528868560333, 'sector': 62}, {'dx': 0.03820641554218943, 'dy': -0.10916198211780105, 'scale': 1.0708893711476655, 'bkg': -3.0712787547004132, 'target_flux_total': 24821.158649144854, 'target_frac_in_aperture': 0.9325368118419918, 'resid_frac': 0.12604307295672726, 'sector': 63}, {'dx': -0.015540802510382796, 'dy': -0.0998865292776262, 'scale': 1.075761933583209, 'bkg': -0.23910648668696838, 'target_flux_total': 24934.095287138447, 'target_frac_in_aperture': 0.9308341656765762, 'resid_frac': 0.12224329002069254, 'sector': 64}, {'dx': -0.07523483532172846, 'dy': -0.08791966557140624, 'scale': 1.084547947071656, 'bkg': -4.597889122033412, 'target_flux_total': 25137.738203545912, 'target_frac_in_aperture': 0.9343034464231438, 'resid_frac': 0.0870128286599559, 'sector': 65}, {'dx': -0.09066974478773578, 'dy': -0.17139878077996268, 'scale': 1.1032071605997509, 'bkg': -2.4412380823606346, 'target_flux_total': 25570.222932339857, 'target_frac_in_aperture': 0.9345960837114422, 'resid_frac': 0.06851770679752202, 'sector': 69}, {'dx': 0.11224277947129796, 'dy': -0.011130326312083064, 'scale': 1.0732647569785387, 'bkg': -1.016298470796312, 'target_flux_total': 24876.215530041758, 'target_frac_in_aperture': 0.9288019836718864, 'resid_frac': 0.13457193088642125, 'sector': 87}, {'dx': -0.08903139592314747, 'dy': -0.007778194018658002, 'scale': 1.0622361082930372, 'bkg': -3.8793947266037314, 'target_flux_total': 24620.59263744068, 'target_frac_in_aperture': 0.9165855499187526, 'resid_frac': 0.12264702214811005, 'sector': 88}, {'dx': -0.047335857462444585, 'dy': -0.0655180563428101, 'scale': 1.065131990484808, 'bkg': -5.390974126006976, 'target_flux_total': 24687.71362420904, 'target_frac_in_aperture': 0.9148625960839132, 'resid_frac': 0.10214447806239565, 'sector': 89}, {'dx': 0.027415778593413338, 'dy': -0.13615495344326528, 'scale': 1.0872269998226594, 'bkg': -1.6885521985478993, 'target_flux_total': 25199.833500365246, 'target_frac_in_aperture': 0.9318331780461916, 'resid_frac': 0.11387913693650602, 'sector': 90}, {'dx': -0.080084119035581, 'dy': -0.0915879270639848, 'scale': 1.0772323374938653, 'bkg': -3.236017926471092, 'target_flux_total': 24968.176425422236, 'target_frac_in_aperture': 0.9234090486355422, 'resid_frac': 0.08032540660525427, 'sector': 96}, {'dx': 0.10140779597994816, 'dy': -0.04095804141120539, 'scale': 1.0773128632937554, 'bkg': -4.980397678492165, 'target_flux_total': 24970.042858789, 'target_frac_in_aperture': 0.9259527757001087, 'resid_frac': 0.09197444825417865, 'sector': 98}]",,,,,,,,,,,,,
307210830,1.0,0.0,-1.0,0.5641895835477563,1.6752007392983916,1.2776831235066763,16.48185885338308,0.4242802189292933,14.872637592788447,27.0,280.0,L98-59b,planet,2.2531129004196897,598.1498805299077,5.27105524316363e+18,5.654279542395569,True,4.7311594250187525,1.10820012593966,1.5,2.3417715511877395,0.16149833446282638,True,[],1.0,"[{'dx': -0.06321243048545064, 'dy': -0.07206463785978834, 'scale': 1.0829186106459785, 'bkg': -5.4117075926102824, 'target_flux_total': 25099.97331484296, 'target_frac_in_aperture': 0.9171207155619746, 'resid_frac': 0.07633582535963243, 'sector': 2}, {'dx': 0.050937190424353296, 'dy': -0.11636982431198858, 'scale': 1.0777858873690833, 'bkg': -4.984846011511192, 'target_flux_total': 24981.00664826615, 'target_frac_in_aperture': 0.9287084198731179, 'resid_frac': 0.08464397576474432, 'sector': 5}, {'dx': -0.08475217496404358, 'dy': -0.0793016097081678, 'scale': 1.0477978525570348, 'bkg': 4.2047399375426995, 'target_flux_total': 24285.94160261327, 'target_frac_in_aperture': 0.9212236503045775, 'resid_frac': 0.304447680148127, 'sector': 8}, {'dx': -0.042904386080863464, 'dy': -0.13946992044898412, 'scale': 1.067030460927237, 'bkg': -5.982076270888519, 'target_flux_total': 24731.716522465224, 'target_frac_in_aperture': 0.9131554668635868, 'resid_frac': 0.10583839625388403, 'sector': 9}, {'dx': 0.016409784843483814, 'dy': -0.10983700374445278, 'scale': 1.0656179041581635, 'bkg': -2.0877837874069574, 'target_flux_total': 24698.97616981001, 'target_frac_in_aperture': 0.9316126721974918, 'resid_frac': 0.10090386279540656, 'sector': 10}, {'dx': -0.05453988470129329, 'dy': -0.09680874746538966, 'scale': 1.0842703764206436, 'bkg': -3.444136544343443, 'target_flux_total': 25131.304649015685, 'target_frac_in_aperture': 0.9401313269377872, 'resid_frac': 0.07948825073992431, 'sector': 11}, {'dx': 0.06544158434193768, 'dy': -0.047697637569573945, 'scale': 1.0664959622317867, 'bkg': -3.581207482893524, 'target_flux_total': 24719.327869374647, 'target_frac_in_aperture': 0.9258282523935834, 'resid_frac': 0.09298940059446421, 'sector': 12}, {'dx': -0.08328001660594775, 'dy': -0.046405454645186736, 'scale': 1.0624667403395824, 'bkg': -4.07380498716223, 'target_flux_total': 24625.938245279463, 'target_frac_in_aperture': 0.9323869326759833, 'resid_frac': 0.08772550812419205, 'sector': 28}, {'dx': -0.062333222847052686, 'dy': -0.0821114019858996, 'scale': 1.0772625975109829, 'bkg': -2.0820397853589188, 'target_flux_total': 24968.877794495307, 'target_frac_in_aperture': 0.9262188662565952, 'resid_frac': 0.09894018029957677, 'sector': 29}, {'dx': 0.07481699842864717, 'dy': -0.11954735564348529, 'scale': 1.0782177718330395, 'bkg': -5.001854524792708, 'target_flux_total': 24991.01690057304, 'target_frac_in_aperture': 0.9088126025172514, 'resid_frac': 0.06913691998097585, 'sector': 32}, {'dx': -0.032497638948391715, 'dy': 0.0044924825326483975, 'scale': 1.1048362496788802, 'bkg': -5.899473635994081, 'target_flux_total': 25607.98208802493, 'target_frac_in_aperture': 0.9214549965574224, 'resid_frac': 0.08461404718374003, 'sector': 35}, {'dx': 0.028341647594790294, 'dy': -0.08158241413660298, 'scale': 1.068211651849562, 'bkg': -5.510280086993747, 'target_flux_total': 24759.094259202433, 'target_frac_in_aperture': 0.9316613447049702, 'resid_frac': 0.11084340213328896, 'sector': 36}, {'dx': 0.03473269192009655, 'dy': -0.10871148155511502, 'scale': 1.0727549638284646, 'bkg': -2.521169014506455, 'target_flux_total': 24864.399504038367, 'target_frac_in_aperture': 0.9260516733805443, 'resid_frac': 0.12150140883061256, 'sector': 37}, {'dx': 0.05395818030344041, 'dy': -0.0851654549264062, 'scale': 1.059873336961719, 'bkg': -7.620919419205031, 'target_flux_total': 24565.82813641342, 'target_frac_in_aperture': 0.9236231993686167, 'resid_frac': 0.10897082598534676, 'sector': 38}, {'dx': 0.09838502823070731, 'dy': -0.08574382773072206, 'scale': 1.0661691550860617, 'bkg': -5.35373783070254, 'target_flux_total': 24711.753107470886, 'target_frac_in_aperture': 0.9166770460179305, 'resid_frac': 0.0745523271823083, 'sector': 39}, {'dx': -0.12924851415353394, 'dy': -0.09250547472799528, 'scale': 1.0701938920862275, 'bkg': -4.998903281014682, 'target_flux_total': 24805.03878038324, 'target_frac_in_aperture': 0.9058682920650053, 'resid_frac': 0.12001245809513707, 'sector': 61}, {'dx': -0.07114349795702675, 'dy': -0.0986006163361498, 'scale': 1.0652648495296078, 'bkg': -5.731932132003738, 'target_flux_total': 24690.793041670633, 'target_frac_in_aperture': 0.9144031482881011, 'resid_frac': 0.07633528868560333, 'sector': 62}, {'dx': 0.03820641554218943, 'dy': -0.10916198211780105, 'scale': 1.0708893711476655, 'bkg': -3.0712787547004132, 'target_flux_total': 24821.158649144854, 'target_frac_in_aperture': 0.9325368118419918, 'resid_frac': 0.12604307295672726, 'sector': 63}, {'dx': -0.015540802510382796, 'dy': -0.0998865292776262, 'scale': 1.075761933583209, 'bkg': -0.23910648668696838, 'target_flux_total': 24934.095287138447, 'target_frac_in_aperture': 0.9308341656765762, 'resid_frac': 0.12224329002069254, 'sector': 64}, {'dx': -0.07523483532172846, 'dy': -0.08791966557140624, 'scale': 1.084547947071656, 'bkg': -4.597889122033412, 'target_flux_total': 25137.738203545912, 'target_frac_in_aperture': 0.9343034464231438, 'resid_frac': 0.0870128286599559, 'sector': 65}, {'dx': -0.09066974478773578, 'dy': -0.17139878077996268, 'scale': 1.1032071605997509, 'bkg': -2.4412380823606346, 'target_flux_total': 25570.222932339857, 'target_frac_in_aperture': 0.9345960837114422, 'resid_frac': 0.06851770679752202, 'sector': 69}, {'dx': 0.11224277947129796, 'dy': -0.011130326312083064, 'scale': 1.0732647569785387, 'bkg': -1.016298470796312, 'target_flux_total': 24876.215530041758, 'target_frac_in_aperture': 0.9288019836718864, 'resid_frac': 0.13457193088642125, 'sector': 87}, {'dx': -0.08903139592314747, 'dy': -0.007778194018658002, 'scale': 1.0622361082930372, 'bkg': -3.8793947266037314, 'target_flux_total': 24620.59263744068, 'target_frac_in_aperture': 0.9165855499187526, 'resid_frac': 0.12264702214811005, 'sector': 88}, {'dx': -0.047335857462444585, 'dy': -0.0655180563428101, 'scale': 1.065131990484808, 'bkg': -5.390974126006976, 'target_flux_total': 24687.71362420904, 'target_frac_in_aperture': 0.9148625960839132, 'resid_frac': 0.10214447806239565, 'sector': 89}, {'dx': 0.027415778593413338, 'dy': -0.13615495344326528, 'scale': 1.0872269998226594, 'bkg': -1.6885521985478993, 'target_flux_total': 25199.833500365246, 'target_frac_in_aperture': 0.9318331780461916, 'resid_frac': 0.11387913693650602, 'sector': 90}, {'dx': -0.080084119035581, 'dy': -0.0915879270639848, 'scale': 1.0772323374938653, 'bkg': -3.236017926471092, 'target_flux_total': 24968.176425422236, 'target_frac_in_aperture': 0.9234090486355422, 'resid_frac': 0.08032540660525427, 'sector': 96}, {'dx': 0.10140779597994816, 'dy': -0.04095804141120539, 'scale': 1.0773128632937554, 'bkg': -4.980397678492165, 'target_flux_total': 24970.042858789, 'target_frac_in_aperture': 0.9259527757001087, 'resid_frac': 0.09197444825417865, 'sector': 98}]",,,,,,,,,,,,,
198211976,28.460498941515414,-9.0,27.0,5.753627391751592,3.848281557182655,1.3873429192870768,0.11557561129993553,0.025847632083152147,0.1189376492140914,42.0,2161.0,TOI-2283.01,neb,0.4018115509976071,24.25362442726596,1.6288524012509087e+18,28.485021781729195,False,18.0736264728815,0.9717327697632219,1.5,6.186259958559991,3.5382349468009,True,"[(1628852401250908544, 28.5, 14.48)]",28.460498941515414,"[{'dx': -0.11431587547122136, 'dy': -0.05033105039215982, 'scale': 1.0922109086308978, 'bkg': 0.36775078340681877, 'target_flux_total': 4948.385510320068, 'target_frac_in_aperture': 0.8517875777346989, 'resid_frac': 0.08755208724597652, 'sector': 14}, {'dx': 0.09721172901639288, 'dy': 0.02481370689263737, 'scale': 1.0905096621768573, 'bkg': 0.5264086812630148, 'target_flux_total': 4940.677820133005, 'target_frac_in_aperture': 0.8532942306179226, 'resid_frac': 0.09415156202612752, 'sector': 15}, {'dx': 0.02632226628577981, 'dy': -0.04201977819646989, 'scale': 1.1032586472282817, 'bkg': -0.5678906633270417, 'target_flux_total': 4998.438544184769, 'target_frac_in_aperture': 0.8170959731284536, 'resid_frac': 0.111064209252558, 'sector': 16}, {'dx': -0.03675633165081501, 'dy': -0.12498847955271516, 'scale': 1.0896674000235733, 'bkg': 3.082225621510529, 'target_flux_total': 4936.861855833193, 'target_frac_in_aperture': 0.8534546893720462, 'resid_frac': 0.1001617916356793, 'sector': 17}, {'dx': -0.06263265218539334, 'dy': -0.13295696657250866, 'scale': 1.0728267032963896, 'bkg': 2.1167174978953347, 'target_flux_total': 4860.5631675396, 'target_frac_in_aperture': 0.8886985221953266, 'resid_frac': 0.09024410833263079, 'sector': 18}, {'dx': -0.13457128776547306, 'dy': -0.04564851870795358, 'scale': 1.081885974552003, 'bkg': 0.8646927411912385, 'target_flux_total': 4901.6072243798035, 'target_frac_in_aperture': 0.8484796388083327, 'resid_frac': 0.09491053267818039, 'sector': 19}, {'dx': 0.13340080681603844, 'dy': -1.1657898493279723e-05, 'scale': 1.0946214903377003, 'bkg': 1.7341083904358328, 'target_flux_total': 4959.306924394147, 'target_frac_in_aperture': 0.8718939489341636, 'resid_frac': 0.09193586537786683, 'sector': 20}, {'dx': 0.10687656827663226, 'dy': -0.06935820129960862, 'scale': 1.0816945275140561, 'bkg': 1.2713640177554062, 'target_flux_total': 4900.739851841145, 'target_frac_in_aperture': 0.8666516234536142, 'resid_frac': 0.09697707327140304, 'sector': 21}, {'dx': 0.049348548281487804, 'dy': -0.10866618232024372, 'scale': 1.0914058875852606, 'bkg': 0.2180909160632138, 'target_flux_total': 4944.738271086093, 'target_frac_in_aperture': 0.8686758057693539, 'resid_frac': 0.08047823705971494, 'sector': 22}, {'dx': -0.02356642596418609, 'dy': -0.12230738486056977, 'scale': 1.100576870978915, 'bkg': -0.8510188756409474, 'target_flux_total': 4986.288452449354, 'target_frac_in_aperture': 0.8013161915839817, 'resid_frac': 0.08298925092080708, 'sector': 23}, {'dx': 0.10423526632806085, 'dy': -0.1728076756323623, 'scale': 1.0641972956146306, 'bkg': -3.63031168801705, 'target_flux_total': 4821.466656419245, 'target_frac_in_aperture': 0.8757292840810895, 'resid_frac': 0.10325560907020859, 'sector': 24}, {'dx': 0.08623076718770187, 'dy': -0.14573191259849347, 'scale': 1.0573090700972, 'bkg': -3.485913881028761, 'target_flux_total': 4790.25876875495, 'target_frac_in_aperture': 0.8799675006772023, 'resid_frac': 0.11657412440811565, 'sector': 25}, {'dx': -0.11139011410219946, 'dy': -0.12547747692025893, 'scale': 1.0766629889154433, 'bkg': -3.202366551098005, 'target_flux_total': 4877.943895035328, 'target_frac_in_aperture': 0.8718567212085263, 'resid_frac': 0.07807879174355502, 'sector': 26}, {'dx': -0.15377271889941788, 'dy': -0.07960617550742546, 'scale': 1.1132113641044148, 'bkg': 1.1311071706644418, 'target_flux_total': 5043.53045783349, 'target_frac_in_aperture': 0.8532535957962747, 'resid_frac': 0.07803100608895057, 'sector': 40}, {'dx': -0.1224729332059903, 'dy': -0.010532121015449454, 'scale': 1.0874974023136188, 'bkg': -0.3013957814278995, 'target_flux_total': 4927.030434868146, 'target_frac_in_aperture': 0.8336982446657635, 'resid_frac': 0.09750274597596388, 'sector': 41}, {'dx': 0.11781257178568619, 'dy': -0.029476105733503025, 'scale': 1.0732860692063007, 'bkg': 1.7598645793665384, 'target_flux_total': 4862.644376942085, 'target_frac_in_aperture': 0.7980704229357863, 'resid_frac': 0.10880157650848013, 'sector': 47}, {'dx': 0.0789404028279897, 'dy': -0.04381630399494182, 'scale': 1.0912524929999619, 'bkg': 1.6257937665581574, 'target_flux_total': 4944.0432995039055, 'target_frac_in_aperture': 0.8893777280753851, 'resid_frac': 0.09466950840246542, 'sector': 48}, {'dx': 0.02343810334025446, 'dy': -0.0821360708410747, 'scale': 1.1013390664341416, 'bkg': -0.3024293472709561, 'target_flux_total': 4989.741665484374, 'target_frac_in_aperture': 0.8206026818983241, 'resid_frac': 0.078272656138183, 'sector': 49}, {'dx': -0.02764499919094338, 'dy': -0.102849079196829, 'scale': 1.091944224315248, 'bkg': 0.7064851567212002, 'target_flux_total': 4947.1772667537725, 'target_frac_in_aperture': 0.8479195851250844, 'resid_frac': 0.0960753308091775, 'sector': 50}, {'dx': -0.06618218438147651, 'dy': -0.04773429249176409, 'scale': 1.0826558729100904, 'bkg': 1.1455903146392408, 'target_flux_total': 4905.095336290674, 'target_frac_in_aperture': 0.8288784273856187, 'resid_frac': 0.0874861781598723, 'sector': 51}, {'dx': -0.0683964344470938, 'dy': -0.0870211472725926, 'scale': 1.0762720363912575, 'bkg': 1.1290919382539526, 'target_flux_total': 4876.1726402432205, 'target_frac_in_aperture': 0.871424066365659, 'resid_frac': 0.09127737379103842, 'sector': 52}, {'dx': -0.11397738437863765, 'dy': -0.11009739975598465, 'scale': 1.0808047082365242, 'bkg': -0.6096686881235884, 'target_flux_total': 4896.708424591198, 'target_frac_in_aperture': 0.8299338733633643, 'resid_frac': 0.07574390118992481, 'sector': 53}, {'dx': 0.09360262019431233, 'dy': -0.09136002583788914, 'scale': 1.087688605007521, 'bkg': 1.1458596138769923, 'target_flux_total': 4927.896700378372, 'target_frac_in_aperture': 0.8647443673421911, 'resid_frac': 0.07429377525573838, 'sector': 54}, {'dx': 0.06454424489007314, 'dy': -0.06598223840017763, 'scale': 1.0897394545433305, 'bkg': 1.6346833669586665, 'target_flux_total': 4937.188307014647, 'target_frac_in_aperture': 0.8617357262240567, 'resid_frac': 0.10038651639665387, 'sector': 55}, {'dx': 0.013178264469519706, 'dy': -0.13184113966929104, 'scale': 1.097888119056641, 'bkg': 1.0118500406829722, 'target_flux_total': 4974.106756635947, 'target_frac_in_aperture': 0.8213413115093349, 'resid_frac': 0.09748243532386416, 'sector': 56}, {'dx': -0.05877930895152629, 'dy': -0.09999045295760524, 'scale': 1.0786606356330513, 'bkg': 1.3141348243202005, 'target_flux_total': 4886.994460264108, 'target_frac_in_aperture': 0.83442620918003, 'resid_frac': 0.09397010211645301, 'sector': 57}, {'dx': -0.08800603911698338, 'dy': -0.05316039473250301, 'scale': 1.0700352533659552, 'bkg': 2.1741179585801857, 'target_flux_total': 4847.9161867418525, 'target_frac_in_aperture': 0.8519520017708748, 'resid_frac': 0.09903480592092388, 'sector': 58}, {'dx': -0.13092006512174478, 'dy': -0.0006856106950309525, 'scale': 1.08213325508589, 'bkg': 1.379133042079652, 'target_flux_total': 4902.7275569100875, 'target_frac_in_aperture': 0.8330604362648177, 'resid_frac': 0.09607501977721242, 'sector': 59}, {'dx': 0.12237660880737825, 'dy': -0.04017562605922856, 'scale': 1.083428307211659, 'bkg': 0.8945062047028487, 'target_flux_total': 4908.59493758137, 'target_frac_in_aperture': 0.8316356661920123, 'resid_frac': 0.09083406241867688, 'sector': 60}, {'dx': 0.09768476378833885, 'dy': -0.10390202368267742, 'scale': 1.086773525076614, 'bkg': 1.894026014679445, 'target_flux_total': 4923.750826870698, 'target_frac_in_aperture': 0.8661189983036904, 'resid_frac': 0.11950827434814665, 'sector': 74}, {'dx': -0.03641598410087894, 'dy': -0.08188655620528075, 'scale': 1.0513206109047062, 'bkg': 0.25484481379518426, 'target_flux_total': 4763.127374568066, 'target_frac_in_aperture': 0.8904339820346663, 'resid_frac': 0.10434902469202863, 'sector': 75}, {'dx': -0.010033088100660899, 'dy': -0.11160745398531235, 'scale': 1.0458795226104398, 'bkg': 1.9586903163828744, 'target_flux_total': 4738.47590637364, 'target_frac_in_aperture': 0.8571472556797418, 'resid_frac': 0.10096600617625784, 'sector': 76}, {'dx': 0.05180830195707921, 'dy': -0.09618402632634612, 'scale': 1.0748283624477704, 'bkg': 0.6409040656562882, 'target_flux_total': 4869.631911555083, 'target_frac_in_aperture': 0.8331509107991818, 'resid_frac': 0.09382295807230352, 'sector': 77}, {'dx': 0.06856288571254676, 'dy': -0.11911552211385477, 'scale': 1.0652652652927417, 'bkg': 2.2858555761822474, 'target_flux_total': 4826.305214282808, 'target_frac_in_aperture': 0.8696314135452163, 'resid_frac': 0.09719964691659787, 'sector': 78}, {'dx': -0.07381162917239979, 'dy': -0.07832605879065664, 'scale': 1.082133669408575, 'bkg': 0.8147440488273178, 'target_flux_total': 4902.729434046046, 'target_frac_in_aperture': 0.853396615326072, 'resid_frac': 0.0831055994284694, 'sector': 79}, {'dx': -0.10782215752760192, 'dy': -0.00672173556112713, 'scale': 1.0890370079467055, 'bkg': -0.4092195412712453, 'target_flux_total': 4934.005792966266, 'target_frac_in_aperture': 0.8569427460722193, 'resid_frac': 0.07183005039412739, 'sector': 80}, {'dx': 0.07690531321177, 'dy': -0.07145460873615524, 'scale': 1.0916674929705699, 'bkg': 1.0022751481518317, 'target_flux_total': 4945.923503981916, 'target_frac_in_aperture': 0.8524768314625495, 'resid_frac': 0.08329804389584533, 'sector': 81}, {'dx': 0.03139285073933455, 'dy': -0.06896216605492542, 'scale': 1.0768537862377734, 'bkg': 0.9867596436207517, 'target_flux_total': 4878.808323963628, 'target_frac_in_aperture': 0.8179582398874957, 'resid_frac': 0.10199597671391707, 'sector': 82}, {'dx': -0.010663507565788313, 'dy': -0.10422105898711752, 'scale': 1.0931033447094898, 'bkg': 0.25297755817321443, 'target_flux_total': 4952.428793284278, 'target_frac_in_aperture': 0.838612682964408, 'resid_frac': 0.11132913802120432, 'sector': 83}, {'dx': -0.0629053743055658, 'dy': -0.12788515348170867, 'scale': 1.0805850257399374, 'bkg': 0.8339014723553316, 'target_flux_total': 4895.713128101857, 'target_frac_in_aperture': 0.8135602417183567, 'resid_frac': 0.10021103972691892, 'sector': 84}, {'dx': -0.07596946123946763, 'dy': -0.02297978893459221, 'scale': 1.0416022108592775, 'bkg': 8.448825311108806, 'target_flux_total': 4719.09705992071, 'target_frac_in_aperture': 0.8375214216156822, 'resid_frac': 0.12167997494368377, 'sector': 85}, {'dx': -0.11325538373938836, 'dy': -0.029445401775790928, 'scale': 1.0804678709617868, 'bkg': 1.8162528154757478, 'target_flux_total': 4895.182345079929, 'target_frac_in_aperture': 0.8468313852697822, 'resid_frac': 0.09679005398755419, 'sector': 86}]",,,,,,,,,,,,,
441738827,1.0,1.0,0.0,1.4927053303604616,0.5646827499051066,1.1079353393459486,1.7096534682459343,0.08288393057707215,1.4993125053581158,33.0,113.0,TOI-2084b,planet,6.078501737963743,2098.9202299039616,1.65213799594248e+18,0.9638410540037778,True,1.116220351038888,1.1402916084112684,1.5,2.7191456958123768,0.1952563626673931,True,[],1.0,"[{'dx': 0.07402494522698119, 'dy': -0.05792952569544425, 'scale': 1.0770090085376263, 'bkg': 0.6876259865116762, 'target_flux_total': 698.5839690287859, 'target_frac_in_aperture': 0.6172256009548223, 'resid_frac': 0.1628739626526582, 'sector': 16}, {'dx': 0.047081608246937356, 'dy': -0.07519865821451759, 'scale': 1.1073680304712068, 'bkg': -0.35466015721290833, 'target_flux_total': 718.2758433493076, 'target_frac_in_aperture': 0.672340224517373, 'resid_frac': 0.08883535310961968, 'sector': 19}, {'dx': 0.02197582725812601, 'dy': -0.008500297219559517, 'scale': 1.095659252664768, 'bkg': -0.26461377254807655, 'target_flux_total': 710.6811394910692, 'target_frac_in_aperture': 0.7729878611330168, 'resid_frac': 0.0866453935065918, 'sector': 20}, {'dx': 0.005955536133996861, 'dy': -0.0807115359309888, 'scale': 1.1134831915980061, 'bkg': 0.3595189835466768, 'target_flux_total': 722.2423408412928, 'target_frac_in_aperture': 0.7585043944769585, 'resid_frac': 0.1065129429432301, 'sector': 21}, {'dx': -0.036726626458018816, 'dy': -0.06725084618058709, 'scale': 1.0838718763933226, 'bkg': -0.05386236846970026, 'target_flux_total': 703.0354540465966, 'target_frac_in_aperture': 0.6834382992260442, 'resid_frac': 0.11655313204591837, 'sector': 22}, {'dx': -0.10716120787749614, 'dy': -0.004834665372520065, 'scale': 1.0798340029126188, 'bkg': 0.16713515838569856, 'target_flux_total': 700.416354614535, 'target_frac_in_aperture': 0.7415408894326865, 'resid_frac': 0.10821197666032965, 'sector': 23}, {'dx': -0.07918793315781067, 'dy': -0.007348393319012091, 'scale': 1.0936036942758396, 'bkg': -2.600439157102034, 'target_flux_total': 709.3478357521732, 'target_frac_in_aperture': 0.7083880427788939, 'resid_frac': 0.12801483730098856, 'sector': 25}, {'dx': -0.06516579839727518, 'dy': -0.04823239617636767, 'scale': 1.1120039579674688, 'bkg': -2.2716487359645328, 'target_flux_total': 721.2828605653157, 'target_frac_in_aperture': 0.6267431388534789, 'resid_frac': 0.19579123851179428, 'sector': 26}, {'dx': -0.01703168518477267, 'dy': -0.02056138308940208, 'scale': 1.1061541271019912, 'bkg': -0.4371698744260542, 'target_flux_total': 717.4884651315195, 'target_frac_in_aperture': 0.7241378354051042, 'resid_frac': 0.08967114068153541, 'sector': 48}, {'dx': -0.06101065724434892, 'dy': -0.0014759847978952922, 'scale': 1.111759500550539, 'bkg': 0.39379646498590776, 'target_flux_total': 721.1242973302604, 'target_frac_in_aperture': 0.7085226979922815, 'resid_frac': 0.09074509395549367, 'sector': 49}, {'dx': -0.075346836796903, 'dy': -0.026305406621880575, 'scale': 1.0897969950173896, 'bkg': 0.0036929746226697048, 'target_flux_total': 706.8786836320087, 'target_frac_in_aperture': 0.7275418005381985, 'resid_frac': 0.10305089880570839, 'sector': 50}, {'dx': 0.09022530763533289, 'dy': -0.05742900349126921, 'scale': 1.128540548998433, 'bkg': 2.1480887231197703, 'target_flux_total': 732.0090451236997, 'target_frac_in_aperture': 0.6365423226464132, 'resid_frac': 0.1456121013371032, 'sector': 51}, {'dx': -0.10203117340114094, 'dy': -0.0636427940769191, 'scale': 1.092377045721764, 'bkg': -0.2896393027806864, 'target_flux_total': 708.5521905823402, 'target_frac_in_aperture': 0.6129879710846877, 'resid_frac': 0.12448504011116972, 'sector': 52}, {'dx': 0.020049102826975446, 'dy': -0.005292891987482642, 'scale': 1.0919656374602331, 'bkg': -0.3566570071684196, 'target_flux_total': 708.2853374604506, 'target_frac_in_aperture': 0.6701688882050696, 'resid_frac': 0.12192812312540995, 'sector': 53}, {'dx': -0.015212820225251077, 'dy': -0.08289969646128709, 'scale': 1.0928477943956394, 'bkg': -0.02224581772824714, 'target_flux_total': 708.8575338751111, 'target_frac_in_aperture': 0.7018580184339938, 'resid_frac': 0.09134001609907193, 'sector': 54}, {'dx': -0.02641053706270256, 'dy': -0.06884769040436339, 'scale': 1.1267083656231556, 'bkg': -0.26367263283026204, 'target_flux_total': 730.8206298698406, 'target_frac_in_aperture': 0.6382661076001139, 'resid_frac': 0.10679070378438626, 'sector': 55}, {'dx': -0.0636780376871524, 'dy': -0.05808441740675702, 'scale': 1.0969486701006865, 'bkg': 0.49342968230130174, 'target_flux_total': 711.5174986514647, 'target_frac_in_aperture': 0.7088463199410787, 'resid_frac': 0.13579388968184986, 'sector': 56}, {'dx': 0.05158637637163688, 'dy': 0.009201039109553484, 'scale': 1.1145588120074048, 'bkg': 0.1817154693906846, 'target_flux_total': 722.9400241186003, 'target_frac_in_aperture': 0.7204703396342748, 'resid_frac': 0.0886224738601684, 'sector': 57}, {'dx': 0.07779720639164903, 'dy': -0.03239638247257124, 'scale': 1.1178919858671386, 'bkg': -0.3292207178612607, 'target_flux_total': 725.1020318696379, 'target_frac_in_aperture': 0.6562630648988508, 'resid_frac': 0.09007103919526066, 'sector': 58}, {'dx': 0.05631965149469446, 'dy': -0.07366933605089561, 'scale': 1.0934502091697473, 'bkg': -0.48094328599998, 'target_flux_total': 709.248280192516, 'target_frac_in_aperture': 0.6187455598391798, 'resid_frac': 0.10971207263888631, 'sector': 59}, {'dx': 0.025675511201724205, 'dy': -0.06766038630640878, 'scale': 1.0931381118295844, 'bkg': -0.1298849551838533, 'target_flux_total': 709.0458434469679, 'target_frac_in_aperture': 0.7763022245260853, 'resid_frac': 0.10043610665471, 'sector': 60}, {'dx': 0.027189161832767327, 'dy': -0.12123593974146123, 'scale': 1.1236149805904194, 'bkg': -0.27125532934900853, 'target_flux_total': 728.8141571506966, 'target_frac_in_aperture': 0.7458315702794728, 'resid_frac': 0.07387456844865366, 'sector': 73}, {'dx': -0.015077440337108412, 'dy': -0.08845397204364734, 'scale': 1.0820541020178898, 'bkg': -0.46814556939940044, 'target_flux_total': 701.8563849506817, 'target_frac_in_aperture': 0.7224447578350663, 'resid_frac': 0.09609877064284686, 'sector': 75}, {'dx': -0.07798155291731022, 'dy': -0.11935271601381901, 'scale': 1.0868732569102737, 'bkg': -0.5280948216813995, 'target_flux_total': 704.982249567782, 'target_frac_in_aperture': 0.7149456864862629, 'resid_frac': 0.0893231354237035, 'sector': 76}, {'dx': -0.06261598705582891, 'dy': -0.08500738137748108, 'scale': 1.0925133266042633, 'bkg': -0.06519348253146923, 'target_flux_total': 708.6405869086888, 'target_frac_in_aperture': 0.7095344846954578, 'resid_frac': 0.0849930180704741, 'sector': 77}, {'dx': -0.07032256647308231, 'dy': -0.03400332813796334, 'scale': 1.1036493640172944, 'bkg': 0.3884212099826505, 'target_flux_total': 715.8637922427012, 'target_frac_in_aperture': 0.6937036632387489, 'resid_frac': 0.1451179317575708, 'sector': 78}, {'dx': 0.029599661280644004, 'dy': -0.09571119534588401, 'scale': 1.1052888876680929, 'bkg': 0.03987989895592563, 'target_flux_total': 716.9272419726589, 'target_frac_in_aperture': 0.6447146507035557, 'resid_frac': 0.12398002717168884, 'sector': 80}, {'dx': -0.02919517724343666, 'dy': -0.06621829335940518, 'scale': 1.1049277754545093, 'bkg': -0.019508760321414666, 'target_flux_total': 716.6930125452072, 'target_frac_in_aperture': 0.6303055902004883, 'resid_frac': 0.08561903523158843, 'sector': 81}, {'dx': -0.06228516579356066, 'dy': -0.060684509921032, 'scale': 1.1082857645611104, 'bkg': -0.311487956803185, 'target_flux_total': 718.8711162931322, 'target_frac_in_aperture': 0.6862655187969674, 'resid_frac': 0.10415668664651975, 'sector': 82}, {'dx': -0.08857047266195148, 'dy': -0.00817037956746203, 'scale': 1.097015199712089, 'bkg': -0.3032398467564261, 'target_flux_total': 711.5606519766673, 'target_frac_in_aperture': 0.7036486783047119, 'resid_frac': 0.09521917479872066, 'sector': 83}, {'dx': 0.11240815127418613, 'dy': -0.01468372045308347, 'scale': 1.1384636772821186, 'bkg': 0.10239491886207627, 'target_flux_total': 738.4455171370688, 'target_frac_in_aperture': 0.7629892734712221, 'resid_frac': 0.1115027667840283, 'sector': 84}, {'dx': 0.06541395123973519, 'dy': -0.015859067202393277, 'scale': 1.1096128664220557, 'bkg': -0.05415277329700328, 'target_flux_total': 719.73191882865, 'target_frac_in_aperture': 0.7415446426202815, 'resid_frac': 0.07629013531876348, 'sector': 85}, {'dx': 0.0329965603022785, 'dy': -0.05637248126296684, 'scale': 1.1012779671730608, 'bkg': -0.0926860699628011, 'target_flux_total': 714.3256251461822, 'target_frac_in_aperture': 0.7135243144554999, 'resid_frac': 0.10881985960086656, 'sector': 86}]",,,,,,,,,,,,,
441738827,1.0,,,1.5957691216057308,0.36357158595287553,1.1801992928408498,,,,,,TOI-2084b_inject_target,injection,,,,,,0.6676532247456874,,,,0.1311833899891155,True,,1.0,,,target,1.65213799594248e+18,0.9638410540037778,13.410229949184231,,1.65213799594248e+18,True,0.36357158595287553,0.6676532247456874,0.1311833899891155,,
441738827,25.079872407968907,,,1.1283791670955126,35.977153954219254,1.1810119833047639,,,,,,TOI-2084b_inject_1652137995942479488,injection,,,,,,1301.9744997974228,,,,15.857837843320477,True,,0.2310419454539051,,,neighbour,1.6521379959424794e+18,24.02646747184702,15.808561684241903,0.03866603034242191,1.6521379959424794e+18,True,0.0,0.0,0.0,,
441738827,12.0,,,1.4927053303604616,10.631005831086796,1.1807370544237477,,,,,,TOI-2084b_inject_1652137995942480000,injection,,,,,,118.21473819614246,,,,5.626682035516126,True,,0.9213606252027864,,,neighbour,1.65213799594248e+18,13.996969608425331,18.227796215615875,0.19278549167259584,1.65213799594248e+18,True,0.5813581301405731,1.1560719190543327,0.20172431466235158,,
441738827,42.941821107167776,,,0.5641895835477563,37.0,1.1815391893589282,,,,,,TOI-2084b_inject_1652137995942480768,injection,,,,,,23226.037600108713,,,,36.61270109489264,True,,0.10411691614995437,,,neighbour,1.652137995942481e+18,44.297122307140874,16.33916769504482,0.2230003201979443,1.652137995942481e+18,True,0.0,0.0,0.0,,
441738827,13.0,13.0,0.0,0.9772050238058398,19.26367979649903,1.1213397385748298,2.0195213119946245,0.07335412978298125,1.896240742097869,33.0,80.0,TOI-2084.02,neb,8.148448502664529,2654.5887132493885,1.65213799594248e+18,13.996969608425331,False,377.4627386037667,1.065013142666878,1.5,2.4739672128627355,7.37623610565566,True,"[(1652137995942480000, 14.0, 18.23)]",13.0,"[{'dx': 0.07402494522698119, 'dy': -0.05792952569544425, 'scale': 1.0770090085376263, 'bkg': 0.6876259865116762, 'target_flux_total': 698.5839690287859, 'target_frac_in_aperture': 0.6172256009548223, 'resid_frac': 0.1628739626526582, 'sector': 16}, {'dx': 0.047081608246937356, 'dy': -0.07519865821451759, 'scale': 1.1073680304712068, 'bkg': -0.35466015721290833, 'target_flux_total': 718.2758433493076, 'target_frac_in_aperture': 0.672340224517373, 'resid_frac': 0.08883535310961968, 'sector': 19}, {'dx': 0.02197582725812601, 'dy': -0.008500297219559517, 'scale': 1.095659252664768, 'bkg': -0.26461377254807655, 'target_flux_total': 710.6811394910692, 'target_frac_in_aperture': 0.7729878611330168, 'resid_frac': 0.0866453935065918, 'sector': 20}, {'dx': 0.005955536133996861, 'dy': -0.0807115359309888, 'scale': 1.1134831915980061, 'bkg': 0.3595189835466768, 'target_flux_total': 722.2423408412928, 'target_frac_in_aperture': 0.7585043944769585, 'resid_frac': 0.1065129429432301, 'sector': 21}, {'dx': -0.036726626458018816, 'dy': -0.06725084618058709, 'scale': 1.0838718763933226, 'bkg': -0.05386236846970026, 'target_flux_total': 703.0354540465966, 'target_frac_in_aperture': 0.6834382992260442, 'resid_frac': 0.11655313204591837, 'sector': 22}, {'dx': -0.10716120787749614, 'dy': -0.004834665372520065, 'scale': 1.0798340029126188, 'bkg': 0.16713515838569856, 'target_flux_total': 700.416354614535, 'target_frac_in_aperture': 0.7415408894326865, 'resid_frac': 0.10821197666032965, 'sector': 23}, {'dx': -0.07918793315781067, 'dy': -0.007348393319012091, 'scale': 1.0936036942758396, 'bkg': -2.600439157102034, 'target_flux_total': 709.3478357521732, 'target_frac_in_aperture': 0.7083880427788939, 'resid_frac': 0.12801483730098856, 'sector': 25}, {'dx': -0.06516579839727518, 'dy': -0.04823239617636767, 'scale': 1.1120039579674688, 'bkg': -2.2716487359645328, 'target_flux_total': 721.2828605653157, 'target_frac_in_aperture': 0.6267431388534789, 'resid_frac': 0.19579123851179428, 'sector': 26}, {'dx': -0.01703168518477267, 'dy': -0.02056138308940208, 'scale': 1.1061541271019912, 'bkg': -0.4371698744260542, 'target_flux_total': 717.4884651315195, 'target_frac_in_aperture': 0.7241378354051042, 'resid_frac': 0.08967114068153541, 'sector': 48}, {'dx': -0.06101065724434892, 'dy': -0.0014759847978952922, 'scale': 1.111759500550539, 'bkg': 0.39379646498590776, 'target_flux_total': 721.1242973302604, 'target_frac_in_aperture': 0.7085226979922815, 'resid_frac': 0.09074509395549367, 'sector': 49}, {'dx': -0.075346836796903, 'dy': -0.026305406621880575, 'scale': 1.0897969950173896, 'bkg': 0.0036929746226697048, 'target_flux_total': 706.8786836320087, 'target_frac_in_aperture': 0.7275418005381985, 'resid_frac': 0.10305089880570839, 'sector': 50}, {'dx': 0.09022530763533289, 'dy': -0.05742900349126921, 'scale': 1.128540548998433, 'bkg': 2.1480887231197703, 'target_flux_total': 732.0090451236997, 'target_frac_in_aperture': 0.6365423226464132, 'resid_frac': 0.1456121013371032, 'sector': 51}, {'dx': -0.10203117340114094, 'dy': -0.0636427940769191, 'scale': 1.092377045721764, 'bkg': -0.2896393027806864, 'target_flux_total': 708.5521905823402, 'target_frac_in_aperture': 0.6129879710846877, 'resid_frac': 0.12448504011116972, 'sector': 52}, {'dx': 0.020049102826975446, 'dy': -0.005292891987482642, 'scale': 1.0919656374602331, 'bkg': -0.3566570071684196, 'target_flux_total': 708.2853374604506, 'target_frac_in_aperture': 0.6701688882050696, 'resid_frac': 0.12192812312540995, 'sector': 53}, {'dx': -0.015212820225251077, 'dy': -0.08289969646128709, 'scale': 1.0928477943956394, 'bkg': -0.02224581772824714, 'target_flux_total': 708.8575338751111, 'target_frac_in_aperture': 0.7018580184339938, 'resid_frac': 0.09134001609907193, 'sector': 54}, {'dx': -0.02641053706270256, 'dy': -0.06884769040436339, 'scale': 1.1267083656231556, 'bkg': -0.26367263283026204, 'target_flux_total': 730.8206298698406, 'target_frac_in_aperture': 0.6382661076001139, 'resid_frac': 0.10679070378438626, 'sector': 55}, {'dx': -0.0636780376871524, 'dy': -0.05808441740675702, 'scale': 1.0969486701006865, 'bkg': 0.49342968230130174, 'target_flux_total': 711.5174986514647, 'target_frac_in_aperture': 0.7088463199410787, 'resid_frac': 0.13579388968184986, 'sector': 56}, {'dx': 0.05158637637163688, 'dy': 0.009201039109553484, 'scale': 1.1145588120074048, 'bkg': 0.1817154693906846, 'target_flux_total': 722.9400241186003, 'target_frac_in_aperture': 0.7204703396342748, 'resid_frac': 0.0886224738601684, 'sector': 57}, {'dx': 0.07779720639164903, 'dy': -0.03239638247257124, 'scale': 1.1178919858671386, 'bkg': -0.3292207178612607, 'target_flux_total': 725.1020318696379, 'target_frac_in_aperture': 0.6562630648988508, 'resid_frac': 0.09007103919526066, 'sector': 58}, {'dx': 0.05631965149469446, 'dy': -0.07366933605089561, 'scale': 1.0934502091697473, 'bkg': -0.48094328599998, 'target_flux_total': 709.248280192516, 'target_frac_in_aperture': 0.6187455598391798, 'resid_frac': 0.10971207263888631, 'sector': 59}, {'dx': 0.025675511201724205, 'dy': -0.06766038630640878, 'scale': 1.0931381118295844, 'bkg': -0.1298849551838533, 'target_flux_total': 709.0458434469679, 'target_frac_in_aperture': 0.7763022245260853, 'resid_frac': 0.10043610665471, 'sector': 60}, {'dx': 0.027189161832767327, 'dy': -0.12123593974146123, 'scale': 1.1236149805904194, 'bkg': -0.27125532934900853, 'target_flux_total': 728.8141571506966, 'target_frac_in_aperture': 0.7458315702794728, 'resid_frac': 0.07387456844865366, 'sector': 73}, {'dx': -0.015077440337108412, 'dy': -0.08845397204364734, 'scale': 1.0820541020178898, 'bkg': -0.46814556939940044, 'target_flux_total': 701.8563849506817, 'target_frac_in_aperture': 0.7224447578350663, 'resid_frac': 0.09609877064284686, 'sector': 75}, {'dx': -0.07798155291731022, 'dy': -0.11935271601381901, 'scale': 1.0868732569102737, 'bkg': -0.5280948216813995, 'target_flux_total': 704.982249567782, 'target_frac_in_aperture': 0.7149456864862629, 'resid_frac': 0.0893231354237035, 'sector': 76}, {'dx': -0.06261598705582891, 'dy': -0.08500738137748108, 'scale': 1.0925133266042633, 'bkg': -0.06519348253146923, 'target_flux_total': 708.6405869086888, 'target_frac_in_aperture': 0.7095344846954578, 'resid_frac': 0.0849930180704741, 'sector': 77}, {'dx': -0.07032256647308231, 'dy': -0.03400332813796334, 'scale': 1.1036493640172944, 'bkg': 0.3884212099826505, 'target_flux_total': 715.8637922427012, 'target_frac_in_aperture': 0.6937036632387489, 'resid_frac': 0.1451179317575708, 'sector': 78}, {'dx': 0.029599661280644004, 'dy': -0.09571119534588401, 'scale': 1.1052888876680929, 'bkg': 0.03987989895592563, 'target_flux_total': 716.9272419726589, 'target_frac_in_aperture': 0.6447146507035557, 'resid_frac': 0.12398002717168884, 'sector': 80}, {'dx': -0.02919517724343666, 'dy': -0.06621829335940518, 'scale': 1.1049277754545093, 'bkg': -0.019508760321414666, 'target_flux_total': 716.6930125452072, 'target_frac_in_aperture': 0.6303055902004883, 'resid_frac': 0.08561903523158843, 'sector': 81}, {'dx': -0.06228516579356066, 'dy': -0.060684509921032, 'scale': 1.1082857645611104, 'bkg': -0.311487956803185, 'target_flux_total': 718.8711162931322, 'target_frac_in_aperture': 0.6862655187969674, 'resid_frac': 0.10415668664651975, 'sector': 82}, {'dx': -0.08857047266195148, 'dy': -0.00817037956746203, 'scale': 1.097015199712089, 'bkg': -0.3032398467564261, 'target_flux_total': 711.5606519766673, 'target_frac_in_aperture': 0.7036486783047119, 'resid_frac': 0.09521917479872066, 'sector': 83}, {'dx': 0.11240815127418613, 'dy': -0.01468372045308347, 'scale': 1.1384636772821186, 'bkg': 0.10239491886207627, 'target_flux_total': 738.4455171370688, 'target_frac_in_aperture': 0.7629892734712221, 'resid_frac': 0.1115027667840283, 'sector': 84}, {'dx': 0.06541395123973519, 'dy': -0.015859067202393277, 'scale': 1.1096128664220557, 'bkg': -0.05415277329700328, 'target_flux_total': 719.73191882865, 'target_frac_in_aperture': 0.7415446426202815, 'resid_frac': 0.07629013531876348, 'sector': 85}, {'dx': 0.0329965603022785, 'dy': -0.05637248126296684, 'scale': 1.1012779671730608, 'bkg': -0.0926860699628011, 'target_flux_total': 714.3256251461822, 'target_frac_in_aperture': 0.7135243144554999, 'resid_frac': 0.10881985960086656, 'sector': 86}]",,,,,,,,,,,,,
